{
  "generated": "2026-02-14T04:05:33.051351",
  "speaker_id": "19-0.1V",
  "truth_reference": {
    "tau_ref_ms": 0.9146816249912124,
    "theta_ref_deg": 12.949784096599064,
    "label": "chirp 28 mic truth-ref (5s)"
  },
  "geometry_truth": {
    "tau_true_ms": 0.7585061238687961,
    "theta_true_deg": 10.709760310799183
  },
  "counts": {
    "n_candidate_windows": 501,
    "n_speech_windows": 251,
    "n_silence_windows": 6
  },
  "rms_thresholds": {
    "speech_rms_micl_p50": 0.0017609058663052284
  },
  "coupling": {
    "forbidden_band_count": 42
  },
  "method": {
    "baseline": {
      "theta_error_ref_deg": {
        "count": 251,
        "median": 2.0361332520581996,
        "p90": 6.023831219357902,
        "p95": 7.560054326430382
      },
      "theta_error_geo_deg": {
        "count": 251,
        "median": 2.4832138336152685,
        "p90": 7.372878857087958,
        "p95": 8.75404536517788
      },
      "fail_rate_ref_gt5deg": 0.1593625498007968
    },
    "teacher": {
      "theta_error_ref_deg": {
        "count": 251,
        "median": 0.32157403499357073,
        "p90": 1.036586848900738,
        "p95": 1.271963151576899
      },
      "theta_error_geo_deg": {
        "count": 251,
        "median": 2.24670474835402,
        "p90": 2.904736071806134,
        "p95": 3.207010634063388
      },
      "fail_rate_ref_gt5deg": 0.0
    }
  }
}