{
  "label": "cm_snr_smoke",
  "case_dir": "/home/sbplab/jiawei/data-worktrees/exp-tdoa-cross-correlation/results/claim2_coherence_trap_sweep_smoke_20260214_183545/cm_snr_-15db/teacher_mic_only_control",
  "test_min_center_sec": -1.0,
  "n_analyzed": 6,
  "guided": {
    "theta_error_ref_deg": {
      "count": 6,
      "median": 3.1252161325418593,
      "p90": 3.1288339757942714,
      "p95": 3.129831697392558
    },
    "psr_db": {
      "count": 6,
      "median": 17.33640620812924,
      "p90": 17.5344055564293,
      "p95": 17.595119009282698
    },
    "p_confident_wrong": 0.0,
    "p_confident_right": 1.0,
    "p_uncertain_wrong": 0.0
  },
  "global": {
    "tau_ms": {
      "count": 6,
      "median": 0.0,
      "p90": 0.0,
      "p95": 0.0
    },
    "psr_db": {
      "count": 6,
      "median": 17.33640620812924,
      "p90": 17.5344055564293,
      "p95": 17.595119009282698
    },
    "p_near0_psr_gt3": 1.0
  },
  "per_speaker": {
    "20-0.1V": {
      "n": 6,
      "p_CW": 0.0,
      "p_CR": 1.0,
      "p_UW": 0.0,
      "p_global_near0_psr_gt3": 1.0
    }
  }
}