{
  "baseline": {
    "count": 15,
    "tau_ms": {
      "mean": 0.998611111111111,
      "std": 1.9912055874163332,
      "median": 1.3333333333333333
    },
    "peak": {
      "mean": 0.07711526614924272,
      "std": 0.07317418784485374,
      "median": 0.030270257964730263
    },
    "psr": {
      "mean": 5.735706726710002,
      "std": 3.4576481652345668,
      "median": 4.1390204429626465
    },
    "error_ms": {
      "mean": 4.945344444444444,
      "std": 2.4879342014244035,
      "median": 5.871333333333333
    }
  },
  "direct_phase": {
    "count": 15,
    "tau_ms": {
      "mean": 0.0,
      "std": 0.0,
      "median": 0.0
    },
    "peak": {
      "mean": 0.16147961312313014,
      "std": 0.11439217330163227,
      "median": 0.09825357291707217
    },
    "psr": {
      "mean": 20.6625876017795,
      "std": 3.828244704141433,
      "median": 20.35853701970217
    },
    "error_ms": {
      "mean": 3.1162666666666667,
      "std": 1.6895983533241135,
      "median": 4.029
    }
  },
  "dtmin": {
    "count": 15,
    "tau_ms": {
      "mean": 0.9083333333333333,
      "std": 1.9325698923684207,
      "median": 1.3125
    },
    "peak": {
      "mean": 0.16420961274765586,
      "std": 0.13138177314599736,
      "median": 0.08737416226462288
    },
    "psr": {
      "mean": 7.623670873621309,
      "std": 3.638970451897368,
      "median": 7.778223369498999
    },
    "error_ms": {
      "mean": 4.855066666666665,
      "std": 2.415220975857535,
      "median": 5.8505
    }
  }
}