{
  "generated": "2026-02-14T18:48:11.741261",
  "run_dir": "/home/sbplab/jiawei/data-worktrees/exp-tdoa-cross-correlation/results/claim2_coherence_trap_sweep_20260214_183626/cm_snr_+0db/teacher_mic_only_control",
  "pooled": {
    "baseline": {
      "theta_error_ref_deg": {
        "count": 1255,
        "median": 3.1580377824559087,
        "p90": 4.625099483103288,
        "p95": 4.625099483103288
      },
      "theta_error_geo_deg": {
        "count": 1255,
        "median": 2.2123131094607373,
        "p90": 5.8786588565820415,
        "p95": 5.8786588565820415
      },
      "fail_rate_ref_gt5deg": 0.0
    },
    "teacher": {
      "theta_error_ref_deg": {
        "count": 1255,
        "median": 0.12821237099847238,
        "p90": 3.1834752395657975,
        "p95": 4.1255461854235795
      },
      "theta_error_geo_deg": {
        "count": 1255,
        "median": 2.1004630997819795,
        "p90": 3.6157055247051035,
        "p95": 5.8786588565820415
      },
      "fail_rate_ref_gt5deg": 0.0
    }
  },
  "teacher_sanity_gate": {
    "median_not_worse_frac_le_0p05": true,
    "computed": {
      "median_worsening_frac": -0.9594012548831113
    }
  }
}