{
  "speaker_id": "22-0.1V",
  "signal_pair": "micl_micr",
  "pair_description": "MicL-MicR",
  "ground_truth": {
    "tau_true_ms": -1.450441867492482,
    "theta_true_deg": -20.815402749359603,
    "d_left": 2.0024984394500787,
    "d_right": 2.5,
    "speaker_pos": [
      -0.8,
      0.0
    ]
  },
  "truth_reference": {
    "mode": "override",
    "label": "chirp 23 mic truth-ref (5s)",
    "tau_ref_ms": -1.3070460964186907,
    "theta_ref_deg": -18.67661071203609
  },
  "n_segments": 5,
  "segment_mode": "scan",
  "scan_summary": {
    "n_scanned": 501,
    "n_candidates": 501,
    "n_filtered": 97,
    "n_selected": 5,
    "scan_sort_by": "tau_err",
    "scan_psr_min_db": -20.0,
    "scan_tau_err_max_ms": 2.0,
    "scan_ldv_micl_psr_min_db": null
  },
  "segment_centers_sec": [
    544.0,
    284.0,
    314.0,
    248.0,
    576.0
  ],
  "ldv_prealign": "gcc_phat",
  "alignment_mode": "dtmin",
  "dtmin_model_path": null,
  "dtmin_model_metadata": null,
  "config": {
    "fs": 48000,
    "n_fft": 6144,
    "hop_length": 160,
    "max_lag": 50,
    "max_k": 3,
    "tw": 64,
    "freq_min": 100,
    "freq_max": 8000,
    "gcc_max_lag_ms": 10.0,
    "gcc_bandpass_low": 500.0,
    "gcc_bandpass_high": 2000.0,
    "psr_exclude_samples": 50,
    "gcc_guided_peak_radius_ms": 0.3,
    "analysis_slice_sec": 5.0,
    "eval_window_sec": 5.0,
    "segment_spacing_sec": 50.0,
    "segment_offset_sec": 100.0,
    "ldv_prealign": "gcc_phat",
    "alignment_mode": "dtmin",
    "dtmin_model_path": null,
    "speed_of_sound": 343.0,
    "mic_spacing": 1.4
  },
  "result": {
    "tau_median_ms": -1.1423805146120385,
    "theta_median_deg": -16.253235401946657,
    "theta_error_median_deg": 2.4233753100894333,
    "psr_median_db": -12.66572686020001,
    "per_segment": [
      {
        "tau_ms": -1.1466966926444417,
        "psr_db": -19.035414068180362,
        "theta_deg": -16.316356023216315,
        "theta_error_deg": 2.3602546888197757,
        "center_sec": 544.0
      },
      {
        "tau_ms": -1.1441160617659796,
        "psr_db": -17.31367516044654,
        "theta_deg": -16.278613937215642,
        "theta_error_deg": 2.3979967748204487,
        "center_sec": 284.0
      },
      {
        "tau_ms": -1.1423805146120385,
        "psr_db": -4.709096718816944,
        "theta_deg": -16.253235401946657,
        "theta_error_deg": 2.4233753100894333,
        "center_sec": 314.0
      },
      {
        "tau_ms": -1.14051526973805,
        "psr_db": -4.657241471448921,
        "theta_deg": -16.225963977670354,
        "theta_error_deg": 2.450646734365737,
        "center_sec": 248.0
      },
      {
        "tau_ms": -1.1396409469962514,
        "psr_db": -12.66572686020001,
        "theta_deg": -16.213181955999428,
        "theta_error_deg": 2.463428756036663,
        "center_sec": 576.0
      }
    ]
  },
  "result_raw": null,
  "pass_thresholds": {
    "theta_error_max_deg": 5.0,
    "psr_min_db": null
  },
  "passed": true,
  "pass_conditions": {
    "pass_mode": "theta_only",
    "alignment_mode": "dtmin",
    "theta_error_small": true,
    "psr_min_db": null,
    "psr_min_ok": true,
    "passed": true
  },
  "pass_mode": "theta_only",
  "timestamp": "2026-02-11T22:17:08.018259"
}