{
  "generated": "2026-02-14T03:23:45.767883",
  "speaker_id": "20-0.1V",
  "truth_reference": {
    "tau_ref_ms": 0.22239289589976383,
    "theta_ref_deg": 3.123379435862821,
    "label": "chirp 25 mic truth-ref (5s)"
  },
  "geometry_truth": {
    "tau_true_ms": 0.0,
    "theta_true_deg": 0.0
  },
  "counts": {
    "n_candidate_windows": 501,
    "n_speech_windows": 251,
    "n_silence_windows": 6
  },
  "rms_thresholds": {
    "speech_rms_micl_p50": 0.0017595765068800931
  },
  "coupling": {
    "forbidden_band_count": 42
  },
  "method": {
    "baseline": {
      "theta_error_ref_deg": {
        "count": 251,
        "median": 2.3353104471338204,
        "p90": 4.578460669227368,
        "p95": 5.492164780682786
      },
      "theta_error_geo_deg": {
        "count": 251,
        "median": 1.2040170704986308,
        "p90": 4.25824977760238,
        "p95": 5.363900035412088
      },
      "fail_rate_ref_gt5deg": 0.06772908366533864
    },
    "teacher": {
      "theta_error_ref_deg": {
        "count": 251,
        "median": 0.3579804724424078,
        "p90": 1.0218253915999163,
        "p95": 1.2807869854811522
      },
      "theta_error_geo_deg": {
        "count": 251,
        "median": 3.1828920600722066,
        "p90": 3.996153204485098,
        "p95": 4.150560185529596
      },
      "fail_rate_ref_gt5deg": 0.0
    }
  }
}