{
  "generated": "2026-02-14T19:01:40.231938",
  "speaker_id": "20-0.1V",
  "band_hz": [
    500.0,
    2000.0
  ],
  "n_bands": 64,
  "band_edges_hz": [
    500.0,
    523.4375,
    546.875,
    570.3125,
    593.75,
    617.1875,
    640.625,
    664.0625,
    687.5,
    710.9375,
    734.375,
    757.8125,
    781.25,
    804.6875,
    828.125,
    851.5625,
    875.0,
    898.4375,
    921.875,
    945.3125,
    968.75,
    992.1875,
    1015.625,
    1039.0625,
    1062.5,
    1085.9375,
    1109.375,
    1132.8125,
    1156.25,
    1179.6875,
    1203.125,
    1226.5625,
    1250.0,
    1273.4375,
    1296.875,
    1320.3125,
    1343.75,
    1367.1875,
    1390.625,
    1414.0625,
    1437.5,
    1460.9375,
    1484.375,
    1507.8125,
    1531.25,
    1554.6875,
    1578.125,
    1601.5625,
    1625.0,
    1648.4375,
    1671.875,
    1695.3125,
    1718.75,
    1742.1875,
    1765.625,
    1789.0625,
    1812.5,
    1835.9375,
    1859.375,
    1882.8125,
    1906.25,
    1929.6875,
    1953.125,
    1976.5625,
    2000.0
  ],
  "silence_percent": 1.0,
  "forbid_gamma2": 0.2,
  "coupling_hard_forbid_enable": false,
  "dynamic_coh_gate_enable": true,
  "dynamic_coh_min": 0.05,
  "tau_ref_gate_enable": false,
  "tau_ref_gate_ratio_min": 0.6,
  "obs_mode": "ldv_mic",
  "coupling_mode": "mic_only",
  "cpl_band_max": [
    0.657913941317866,
    0.35630621330387,
    0.23609691060574917,
    0.20696373700516402,
    0.7603418873456651,
    0.7463489025789098,
    0.6708720733236979,
    0.7323439181587296,
    0.6488918028968936,
    0.276864068336494,
    0.3249942360854187,
    0.49811879577463597,
    0.275528838504008,
    0.4122106969584187,
    0.3448281515823205,
    0.5246325171007444,
    0.8867761186332022,
    0.7746363475400587,
    0.7884022654867142,
    0.8749213162249506,
    0.6666333429900876,
    0.6140311620821152,
    0.4050152900650719,
    0.10863081696657076,
    0.21866467719570398,
    0.3152291279816147,
    0.3731338170749562,
    0.3112807901472343,
    0.26647363239690036,
    0.5823848937028324,
    0.6602016266402398,
    0.33639135146828225,
    0.4144292469729522,
    0.1865958219813812,
    0.15966841856329758,
    0.5100607432939858,
    0.4972291192436859,
    0.18537783760293358,
    0.052195092960147675,
    0.20748094778189513,
    0.1481321365292635,
    0.17354869505432388,
    0.35381560075446156,
    0.09277514264205833,
    0.06527331608768301,
    0.1472315967908614,
    0.07796027977306108,
    0.056612267175527906,
    0.1988736520450147,
    0.2012991181637278,
    0.04111712356808449,
    0.10004079563538429,
    0.0955088928626011,
    0.15568706660677803,
    0.3152059239259314,
    0.6471819988988062,
    0.8467045097273531,
    0.8761395759417121,
    0.13120540491941568,
    0.021808254784040665,
    0.01790767025589001,
    0.03773114821135246,
    0.03190081451561208,
    0.02267926352312219
  ],
  "cpl_band_mic_only": [
    0.657913941317866,
    0.35630621330387,
    0.23609691060574917,
    0.20696373700516402,
    0.7603418873456651,
    0.7463489025789098,
    0.6708720733236979,
    0.7323439181587296,
    0.6488918028968936,
    0.276864068336494,
    0.3249942360854187,
    0.49811879577463597,
    0.275528838504008,
    0.4122106969584187,
    0.3448281515823205,
    0.5246325171007444,
    0.8867761186332022,
    0.7746363475400587,
    0.7884022654867142,
    0.8749213162249506,
    0.6666333429900876,
    0.6140311620821152,
    0.4050152900650719,
    0.10863081696657076,
    0.21866467719570398,
    0.3152291279816147,
    0.3731338170749562,
    0.3112807901472343,
    0.26647363239690036,
    0.5823848937028324,
    0.6602016266402398,
    0.33639135146828225,
    0.4144292469729522,
    0.1865958219813812,
    0.15966841856329758,
    0.5100607432939858,
    0.4972291192436859,
    0.18537783760293358,
    0.052195092960147675,
    0.20748094778189513,
    0.1481321365292635,
    0.17354869505432388,
    0.35381560075446156,
    0.09277514264205833,
    0.06527331608768301,
    0.1472315967908614,
    0.07796027977306108,
    0.056612267175527906,
    0.1988736520450147,
    0.2012991181637278,
    0.04111712356808449,
    0.10004079563538429,
    0.0955088928626011,
    0.15568706660677803,
    0.3152059239259314,
    0.6471819988988062,
    0.8467045097273531,
    0.8761395759417121,
    0.13120540491941568,
    0.021808254784040665,
    0.01790767025589001,
    0.03773114821135246,
    0.03190081451561208,
    0.02267926352312219
  ],
  "cpl_band_for_obs": [
    0.657913941317866,
    0.35630621330387,
    0.23609691060574917,
    0.20696373700516402,
    0.7603418873456651,
    0.7463489025789098,
    0.6708720733236979,
    0.7323439181587296,
    0.6488918028968936,
    0.276864068336494,
    0.3249942360854187,
    0.49811879577463597,
    0.275528838504008,
    0.4122106969584187,
    0.3448281515823205,
    0.5246325171007444,
    0.8867761186332022,
    0.7746363475400587,
    0.7884022654867142,
    0.8749213162249506,
    0.6666333429900876,
    0.6140311620821152,
    0.4050152900650719,
    0.10863081696657076,
    0.21866467719570398,
    0.3152291279816147,
    0.3731338170749562,
    0.3112807901472343,
    0.26647363239690036,
    0.5823848937028324,
    0.6602016266402398,
    0.33639135146828225,
    0.4144292469729522,
    0.1865958219813812,
    0.15966841856329758,
    0.5100607432939858,
    0.4972291192436859,
    0.18537783760293358,
    0.052195092960147675,
    0.20748094778189513,
    0.1481321365292635,
    0.17354869505432388,
    0.35381560075446156,
    0.09277514264205833,
    0.06527331608768301,
    0.1472315967908614,
    0.07796027977306108,
    0.056612267175527906,
    0.1988736520450147,
    0.2012991181637278,
    0.04111712356808449,
    0.10004079563538429,
    0.0955088928626011,
    0.15568706660677803,
    0.3152059239259314,
    0.6471819988988062,
    0.8467045097273531,
    0.8761395759417121,
    0.13120540491941568,
    0.021808254784040665,
    0.01790767025589001,
    0.03773114821135246,
    0.03190081451561208,
    0.02267926352312219
  ],
  "forbidden_bands_raw": [
    0,
    1,
    2,
    3,
    4,
    5,
    6,
    7,
    8,
    9,
    10,
    11,
    12,
    13,
    14,
    15,
    16,
    17,
    18,
    19,
    20,
    21,
    22,
    24,
    25,
    26,
    27,
    28,
    29,
    30,
    31,
    32,
    35,
    36,
    39,
    42,
    49,
    54,
    55,
    56,
    57
  ],
  "forbidden_bands_effective": [],
  "forbid_rule_degenerated": false
}