{
  "cm_snr_db": 0.0,
  "teacher_dir": "/home/sbplab/jiawei/data-worktrees/exp-tdoa-cross-correlation/results/claim2_coherence_trap_sweep_smoke_20260214_183545/cm_snr_+0db/teacher_mic_only_control",
  "n_test_windows": 6,
  "theta_error_ref_deg": {
    "p95": 3.155301238677233,
    "fail_rate_gt4deg": 0.0,
    "median": 3.1290486339721935
  },
  "psr_db": {
    "median": 13.983835551122006,
    "frac_gt3db": 1.0,
    "p95": 16.437433923320782
  },
  "mic_coh_band_median": {
    "median": 0.45093793215343486,
    "p10": 0.28371129348896174,
    "p90": 0.6272120107532282
  },
  "near_fail_pass": false,
  "coherence_trap_pass": true
}