{
  "generated": "2026-02-13T18:39:20.364360",
  "speaker_id": "19-0.1V",
  "band_hz": [
    500.0,
    2000.0
  ],
  "n_bands": 64,
  "band_edges_hz": [
    500.0,
    523.4375,
    546.875,
    570.3125,
    593.75,
    617.1875,
    640.625,
    664.0625,
    687.5,
    710.9375,
    734.375,
    757.8125,
    781.25,
    804.6875,
    828.125,
    851.5625,
    875.0,
    898.4375,
    921.875,
    945.3125,
    968.75,
    992.1875,
    1015.625,
    1039.0625,
    1062.5,
    1085.9375,
    1109.375,
    1132.8125,
    1156.25,
    1179.6875,
    1203.125,
    1226.5625,
    1250.0,
    1273.4375,
    1296.875,
    1320.3125,
    1343.75,
    1367.1875,
    1390.625,
    1414.0625,
    1437.5,
    1460.9375,
    1484.375,
    1507.8125,
    1531.25,
    1554.6875,
    1578.125,
    1601.5625,
    1625.0,
    1648.4375,
    1671.875,
    1695.3125,
    1718.75,
    1742.1875,
    1765.625,
    1789.0625,
    1812.5,
    1835.9375,
    1859.375,
    1882.8125,
    1906.25,
    1929.6875,
    1953.125,
    1976.5625,
    2000.0
  ],
  "silence_percent": 1.0,
  "forbid_gamma2": 0.2,
  "obs_mode": "mic_only_strict",
  "cpl_band_max": [
    0.7588308308431237,
    0.644288524099248,
    0.671726129689148,
    0.5801034438373773,
    0.7497230724730211,
    0.7097131089049125,
    0.6357073681563479,
    0.7060860569925065,
    0.6988357067899094,
    0.6016485659863519,
    0.7398452865973243,
    0.5838103630888102,
    0.4104475743447691,
    0.7247497787322928,
    0.6711704141833686,
    0.6164872292925038,
    0.8914478307999358,
    0.7393917540456048,
    0.7569731690679367,
    0.8576187056786857,
    0.7198009850434253,
    0.5360995770661887,
    0.5619837441976033,
    0.873928747039415,
    0.7543092439125727,
    0.47390732708879796,
    0.735974303590122,
    0.69767214916468,
    0.6408707628050756,
    0.6682891974151854,
    0.6993155916449568,
    0.5273708105757579,
    0.535758373968571,
    0.4366852671616294,
    0.4578426497046634,
    0.5028985380937125,
    0.7768826037168793,
    0.7966309372824822,
    0.6826732569776547,
    0.6349525769262433,
    0.6880075809213875,
    0.8191080543196756,
    0.8085331150999779,
    0.724290459122233,
    0.6041683973861328,
    0.6058431564804279,
    0.716166951416181,
    0.6743394536939555,
    0.6374202756314882,
    0.5272740503882338,
    0.6533575597627073,
    0.6405994502692994,
    0.6881348985215183,
    0.6459471543107578,
    0.5274707928056995,
    0.6406273947579129,
    0.8199040340406015,
    0.8790239268108131,
    0.6037245113411469,
    0.8151900097327871,
    0.7646317494954273,
    0.8103949559749248,
    0.6256136745203077,
    0.5520025520660907
  ],
  "cpl_band_mic_only": [
    0.6891389932375805,
    0.4113524048183108,
    0.24276600386942151,
    0.20693687883283957,
    0.7497230724730211,
    0.7097131089049125,
    0.6357073681563479,
    0.7060860569925065,
    0.60881938461207,
    0.23703799177989798,
    0.32914068111107797,
    0.5232381971075384,
    0.25342166372056485,
    0.4295722313286528,
    0.3869021871767192,
    0.49401301260365044,
    0.8914478307999358,
    0.7393917540456048,
    0.7551520805451932,
    0.8576187056786857,
    0.7198009850434253,
    0.5360995770661887,
    0.3348911183067525,
    0.11864682426468173,
    0.23128226957413586,
    0.34920738359658043,
    0.4425128263411117,
    0.2950103271562441,
    0.27979300436421506,
    0.5792410524049547,
    0.6993155916449568,
    0.39055178320204353,
    0.42950251498503594,
    0.22587887622172237,
    0.1281759525311258,
    0.5028985380937125,
    0.4470603509601031,
    0.14744421793925067,
    0.04613098320803602,
    0.1716717508094306,
    0.13520357511956915,
    0.2606635197559247,
    0.3037489887012538,
    0.10839768244604348,
    0.0615738512764325,
    0.11306103532875988,
    0.10134951819631148,
    0.04463221439132771,
    0.1479893880841792,
    0.14424778914269362,
    0.035412366514472646,
    0.11951266944769517,
    0.18400004560841704,
    0.21761648349053747,
    0.2863361636427237,
    0.6406273947579129,
    0.8199040340406015,
    0.8790239268108131,
    0.16616990336225032,
    0.03835575530914845,
    0.03485861736612243,
    0.08592653509833725,
    0.044863624630160956,
    0.013321697051970893
  ],
  "cpl_band_for_obs": [
    0.6891389932375805,
    0.4113524048183108,
    0.24276600386942151,
    0.20693687883283957,
    0.7497230724730211,
    0.7097131089049125,
    0.6357073681563479,
    0.7060860569925065,
    0.60881938461207,
    0.23703799177989798,
    0.32914068111107797,
    0.5232381971075384,
    0.25342166372056485,
    0.4295722313286528,
    0.3869021871767192,
    0.49401301260365044,
    0.8914478307999358,
    0.7393917540456048,
    0.7551520805451932,
    0.8576187056786857,
    0.7198009850434253,
    0.5360995770661887,
    0.3348911183067525,
    0.11864682426468173,
    0.23128226957413586,
    0.34920738359658043,
    0.4425128263411117,
    0.2950103271562441,
    0.27979300436421506,
    0.5792410524049547,
    0.6993155916449568,
    0.39055178320204353,
    0.42950251498503594,
    0.22587887622172237,
    0.1281759525311258,
    0.5028985380937125,
    0.4470603509601031,
    0.14744421793925067,
    0.04613098320803602,
    0.1716717508094306,
    0.13520357511956915,
    0.2606635197559247,
    0.3037489887012538,
    0.10839768244604348,
    0.0615738512764325,
    0.11306103532875988,
    0.10134951819631148,
    0.04463221439132771,
    0.1479893880841792,
    0.14424778914269362,
    0.035412366514472646,
    0.11951266944769517,
    0.18400004560841704,
    0.21761648349053747,
    0.2863361636427237,
    0.6406273947579129,
    0.8199040340406015,
    0.8790239268108131,
    0.16616990336225032,
    0.03835575530914845,
    0.03485861736612243,
    0.08592653509833725,
    0.044863624630160956,
    0.013321697051970893
  ],
  "forbidden_bands_raw": [
    0,
    1,
    2,
    3,
    4,
    5,
    6,
    7,
    8,
    9,
    10,
    11,
    12,
    13,
    14,
    15,
    16,
    17,
    18,
    19,
    20,
    21,
    22,
    23,
    24,
    25,
    26,
    27,
    28,
    29,
    30,
    31,
    32,
    33,
    34,
    35,
    36,
    37,
    38,
    39,
    40,
    41,
    42,
    43,
    44,
    45,
    46,
    47,
    48,
    49,
    50,
    51,
    52,
    53,
    54,
    55,
    56,
    57,
    58,
    59,
    60,
    61,
    62,
    63
  ],
  "forbidden_bands_effective": [],
  "forbid_rule_degenerated": true
}