{
  "speaker_id": "18-0.1V",
  "signal_pair": "ldv_micl",
  "pair_description": "LDV aligned to MicL (OMP) paired with MicR",
  "ground_truth": {
    "tau_true_ms": 1.450441867492482,
    "theta_true_deg": 20.815402749359603,
    "d_left": 2.5,
    "d_right": 2.0024984394500787,
    "speaker_pos": [
      0.8,
      0.0
    ]
  },
  "truth_reference": {
    "mode": "override",
    "label": "chirp 29 mic truth-ref (5s)",
    "tau_ref_ms": 1.585930191304251,
    "theta_ref_deg": 22.864486344008302
  },
  "n_segments": 5,
  "segment_mode": "scan",
  "scan_summary": {
    "n_scanned": 501,
    "n_candidates": 501,
    "n_filtered": 31,
    "n_selected": 5,
    "scan_sort_by": "tau_err",
    "scan_psr_min_db": -20.0,
    "scan_tau_err_max_ms": 0.3,
    "scan_ldv_micl_psr_min_db": null
  },
  "segment_centers_sec": [
    381.0,
    340.0,
    583.0,
    513.0,
    189.0
  ],
  "ldv_prealign": "gcc_phat",
  "config": {
    "fs": 48000,
    "n_fft": 6144,
    "hop_length": 160,
    "max_lag": 50,
    "max_k": 3,
    "tw": 64,
    "freq_min": 100,
    "freq_max": 8000,
    "gcc_max_lag_ms": 10.0,
    "gcc_bandpass_low": 500.0,
    "gcc_bandpass_high": 2000.0,
    "psr_exclude_samples": 50,
    "gcc_guided_peak_radius_ms": 0.3,
    "analysis_slice_sec": 5.0,
    "eval_window_sec": 5.0,
    "segment_spacing_sec": 50.0,
    "segment_offset_sec": 100.0,
    "ldv_prealign": "gcc_phat",
    "speed_of_sound": 343.0,
    "mic_spacing": 1.4
  },
  "result": {
    "tau_median_ms": 1.571697847450366,
    "theta_median_deg": 22.647835984503388,
    "theta_error_median_deg": 0.37437166020734836,
    "psr_median_db": -36.05448643702339,
    "per_segment": [
      {
        "tau_ms": 2.0787446213741294,
        "psr_db": -39.73704082310184,
        "theta_deg": 30.616710495659547,
        "theta_error_deg": 7.7522241516512445,
        "center_sec": 381.0,
        "prealign": {
          "mode": "gcc_phat",
          "tau_ldv_to_micl_ms": -0.009435083046017504,
          "psr_ldv_to_micl_db": 28.75888075709633,
          "applied_delay_ms": 0.009435083046017504
        }
      },
      {
        "tau_ms": 1.571697847450366,
        "psr_db": -16.17572955361694,
        "theta_deg": 22.647835984503388,
        "theta_error_deg": 0.2166503595049143,
        "center_sec": 340.0,
        "prealign": {
          "mode": "gcc_phat",
          "tau_ldv_to_micl_ms": -0.005035536591877027,
          "psr_ldv_to_micl_db": 28.962660660540717,
          "applied_delay_ms": 0.005035536591877027
        }
      },
      {
        "tau_ms": 1.6020425570552823,
        "psr_db": -36.05448643702339,
        "theta_deg": 23.110172974855963,
        "theta_error_deg": 0.2456866308476613,
        "center_sec": 583.0,
        "prealign": {
          "mode": "gcc_phat",
          "tau_ldv_to_micl_ms": -0.005561495745652816,
          "psr_ldv_to_micl_db": 30.733833179028856,
          "applied_delay_ms": 0.005561495745652816
        }
      },
      {
        "tau_ms": 1.561322565384907,
        "psr_db": -36.8744396603783,
        "theta_deg": 22.490114683800954,
        "theta_error_deg": 0.37437166020734836,
        "center_sec": 513.0,
        "prealign": {
          "mode": "gcc_phat",
          "tau_ldv_to_micl_ms": 0.020820818466112473,
          "psr_ldv_to_micl_db": 25.2120639127429,
          "applied_delay_ms": -0.020820818466112473
        }
      },
      {
        "tau_ms": 1.557260425892954,
        "psr_db": -21.831960411927657,
        "theta_deg": 22.42841251155884,
        "theta_error_deg": 0.43607383244946263,
        "center_sec": 189.0,
        "prealign": {
          "mode": "gcc_phat",
          "tau_ldv_to_micl_ms": 0.0035062787712784645,
          "psr_ldv_to_micl_db": 31.32834603748631,
          "applied_delay_ms": -0.0035062787712784645
        }
      }
    ]
  },
  "pass_thresholds": {
    "theta_error_max_deg": 5.0,
    "psr_min_db": null
  },
  "passed": true,
  "timestamp": "2026-02-11T09:59:48.981535"
}