{
  "generated": "2026-02-14T11:27:45.541310",
  "speaker_id": "18-0.1V",
  "truth_reference": {
    "tau_ref_ms": 1.585930191304251,
    "theta_ref_deg": 22.864486344008302,
    "label": "chirp 29 mic truth-ref (5s)"
  },
  "geometry_truth": {
    "tau_true_ms": 1.450441867492482,
    "theta_true_deg": 20.815402749359603
  },
  "counts": {
    "n_candidate_windows": 501,
    "n_speech_windows": 251,
    "n_silence_windows": 6
  },
  "rms_thresholds": {
    "speech_rms_micl_p50": 0.0016546248325103221
  },
  "coupling": {
    "forbidden_band_count": 39
  },
  "method": {
    "baseline": {
      "theta_error_ref_deg": {
        "count": 251,
        "median": 4.457527219032141,
        "p90": 6.660154718894013,
        "p95": 8.694330238652846
      },
      "theta_error_geo_deg": {
        "count": 251,
        "median": 3.4597846891952813,
        "p90": 7.165951432098208,
        "p95": 8.162307133781272
      },
      "fail_rate_ref_gt5deg": 0.350597609561753
    },
    "teacher": {
      "theta_error_ref_deg": {
        "count": 251,
        "median": 0.3395115772946191,
        "p90": 1.0352236028616275,
        "p95": 1.2560179290866405
      },
      "theta_error_geo_deg": {
        "count": 251,
        "median": 2.020113872844991,
        "p90": 2.7894441765514806,
        "p95": 3.1937431413708612
      },
      "fail_rate_ref_gt5deg": 0.0
    }
  }
}