{
  "generated": "2026-02-14T18:49:48.784819",
  "speaker_id": "19-0.1V",
  "truth_reference": {
    "tau_ref_ms": 0.9146816249912124,
    "theta_ref_deg": 12.949784096599064,
    "label": "chirp 28 mic truth-ref (5s)"
  },
  "geometry_truth": {
    "tau_true_ms": 0.7585061238687961,
    "theta_true_deg": 10.709760310799183
  },
  "counts": {
    "n_candidate_windows": 501,
    "n_speech_windows": 251,
    "n_silence_windows": 6
  },
  "rms_thresholds": {
    "speech_rms_micl_p50": 0.0017609058663052284
  },
  "coupling": {
    "coupling_mode": "mic_only",
    "coupling_hard_forbid_enable": false,
    "forbidden_band_count_static_effective": 0,
    "dynamic_coh_gate_enable": true,
    "dynamic_coh_min": 0.05,
    "tau_ref_gate_enable": false,
    "tau_ref_gate_ratio_min": 0.6,
    "forbidden_dyn_count_speech_windows": {
      "min": 0,
      "median": 0.0,
      "p90": 0.0,
      "max": 0
    },
    "forbidden_tau_ref_count_speech_windows": {
      "min": 0,
      "median": 0.0,
      "p90": 0.0,
      "max": 0
    }
  },
  "method": {
    "baseline": {
      "theta_error_ref_deg": {
        "count": 251,
        "median": 0.9597948742763887,
        "p90": 1.0323629013257687,
        "p95": 1.0527908069372485
      },
      "theta_error_geo_deg": {
        "count": 251,
        "median": 1.2802289115234924,
        "p90": 1.3520363377984221,
        "p95": 1.3647867683354127
      },
      "fail_rate_ref_gt5deg": 0.0
    },
    "teacher": {
      "theta_error_ref_deg": {
        "count": 251,
        "median": 0.041881665848984895,
        "p90": 0.21345294533772652,
        "p95": 0.29470046971326713
      },
      "theta_error_geo_deg": {
        "count": 251,
        "median": 2.237074738371703,
        "p90": 2.3476917604214265,
        "p95": 2.4027024109352952
      },
      "fail_rate_ref_gt5deg": 0.0
    }
  }
}