{
  "generated": "2026-02-14T18:35:55.502535",
  "speaker_id": "20-0.1V",
  "truth_reference": {
    "tau_ref_ms": 0.22239289589976383,
    "theta_ref_deg": 3.123379435862821,
    "label": "chirp 25 mic truth-ref (5s)"
  },
  "geometry_truth": {
    "tau_true_ms": 0.0,
    "theta_true_deg": 0.0
  },
  "counts": {
    "n_candidate_windows": 11,
    "n_speech_windows": 6,
    "n_silence_windows": 3
  },
  "rms_thresholds": {
    "speech_rms_micl_p50": 0.0017822331656328968
  },
  "coupling": {
    "coupling_mode": "mic_only",
    "coupling_hard_forbid_enable": false,
    "forbidden_band_count_static_effective": 0,
    "dynamic_coh_gate_enable": true,
    "dynamic_coh_min": 0.05,
    "tau_ref_gate_enable": false,
    "tau_ref_gate_ratio_min": 0.6,
    "forbidden_dyn_count_speech_windows": {
      "min": 0,
      "median": 8.5,
      "p90": 30.5,
      "max": 48
    },
    "forbidden_tau_ref_count_speech_windows": {
      "min": 0,
      "median": 0.0,
      "p90": 0.0,
      "max": 0
    }
  },
  "method": {
    "baseline": {
      "theta_error_ref_deg": {
        "count": 6,
        "median": 3.0877738229733174,
        "p90": 3.2410156862532866,
        "p95": 3.2454813299611818
      },
      "theta_error_geo_deg": {
        "count": 6,
        "median": 0.13883079976570945,
        "p90": 0.2744876268876942,
        "p95": 0.3156576218347889
      },
      "fail_rate_ref_gt5deg": 0.0
    },
    "teacher": {
      "theta_error_ref_deg": {
        "count": 6,
        "median": 0.6394759917286703,
        "p90": 3.2703544166904845,
        "p95": 3.2786794446453444
      },
      "theta_error_geo_deg": {
        "count": 6,
        "median": 2.625126870810865,
        "p90": 3.280232221063669,
        "p95": 3.478415540004651
      },
      "fail_rate_ref_gt5deg": 0.0
    }
  }
}