{
  "condition": "no_dtmin",
  "cc": {
    "tau_ms_count": 416,
    "tau_ms_mean": -133.6153846153846,
    "tau_ms_std": 212.95685314583127,
    "tau_ms_median": -152.0,
    "tau_ms_p10": -336.0,
    "tau_ms_p90": 16.0,
    "psr_count": 416,
    "psr_mean": 7.881915873546597,
    "psr_std": 3.030258252874914,
    "psr_median": 7.234720439840382,
    "psr_p10": 4.5426000853523565,
    "psr_p90": 12.108690583704895
  },
  "ncc": {
    "tau_ms_count": 416,
    "tau_ms_mean": -133.6153846153846,
    "tau_ms_std": 212.95685314583127,
    "tau_ms_median": -152.0,
    "tau_ms_p10": -336.0,
    "tau_ms_p90": 16.0,
    "psr_count": 416,
    "psr_mean": 7.881915873546598,
    "psr_std": 3.030258252874914,
    "psr_median": 7.234720439840386,
    "psr_p10": 4.542600085352357,
    "psr_p90": 12.108690583704902
  },
  "gcc_phat": {
    "tau_ms_count": 416,
    "tau_ms_mean": -453.61538461538464,
    "tau_ms_std": 736.7908625572993,
    "tau_ms_median": -896.0,
    "tau_ms_p10": -912.0,
    "tau_ms_p90": 832.0,
    "psr_count": 416,
    "psr_mean": 13.86036953064034,
    "psr_std": 4.175386641639403,
    "psr_median": 12.436494047290449,
    "psr_p10": 10.816329512677651,
    "psr_p90": 20.933972698281195
  },
  "music": {
    "tau_ms_count": 416,
    "tau_ms_mean": -0.007016148235555055,
    "tau_ms_std": 0.055209191093871665,
    "tau_ms_median": 0.0,
    "tau_ms_p10": -0.08772813748572134,
    "tau_ms_p90": 0.051048694815668295,
    "psr_count": 416,
    "psr_mean": 156.0345693448851,
    "psr_std": 623.1065340173805,
    "psr_median": 20.17169994717036,
    "psr_p10": 3.2718149744023424,
    "psr_p90": 249.5181903729598,
    "snr_db_count": 416,
    "snr_db_mean": 15.759180924191131,
    "snr_db_std": 2.0020456967325875,
    "snr_db_median": 15.279136401544587,
    "snr_db_p10": 14.202702566313658,
    "snr_db_p90": 17.905512115076633,
    "doa_deg_count": 416,
    "doa_deg_mean": -3.3725961538461537,
    "doa_deg_std": 24.43069315962986,
    "doa_deg_median": 0.0,
    "doa_deg_p10": -37.0,
    "doa_deg_p90": 20.5
  }
}