{
  "generated": "2026-02-14T18:40:24.904507",
  "speaker_id": "21-0.1V",
  "truth_reference": {
    "tau_ref_ms": -0.6354575282303851,
    "theta_ref_deg": -8.956647639640721,
    "label": "chirp 24 mic truth-ref (5s)"
  },
  "geometry_truth": {
    "tau_true_ms": -0.7585061238687961,
    "theta_true_deg": -10.709760310799183
  },
  "counts": {
    "n_candidate_windows": 501,
    "n_speech_windows": 251,
    "n_silence_windows": 6
  },
  "rms_thresholds": {
    "speech_rms_micl_p50": 0.0017280344740161358
  },
  "coupling": {
    "coupling_mode": "mic_only",
    "coupling_hard_forbid_enable": false,
    "forbidden_band_count_static_effective": 0,
    "dynamic_coh_gate_enable": true,
    "dynamic_coh_min": 0.05,
    "tau_ref_gate_enable": false,
    "tau_ref_gate_ratio_min": 0.6,
    "forbidden_dyn_count_speech_windows": {
      "min": 0,
      "median": 41.0,
      "p90": 47.0,
      "max": 51
    },
    "forbidden_tau_ref_count_speech_windows": {
      "min": 0,
      "median": 0.0,
      "p90": 0.0,
      "max": 0
    }
  },
  "method": {
    "baseline": {
      "theta_error_ref_deg": {
        "count": 251,
        "median": 4.1255461854235795,
        "p90": 4.472313684110018,
        "p95": 4.472313684110018
      },
      "theta_error_geo_deg": {
        "count": 251,
        "median": 2.6142799442701055,
        "p90": 5.8786588565820415,
        "p95": 5.8786588565820415
      },
      "fail_rate_ref_gt5deg": 0.0
    },
    "teacher": {
      "theta_error_ref_deg": {
        "count": 251,
        "median": 0.22758913789746593,
        "p90": 0.8050514452283348,
        "p95": 1.2418311025337374
      },
      "theta_error_geo_deg": {
        "count": 251,
        "median": 1.729197563201467,
        "p90": 2.2074690806287176,
        "p95": 2.4465394417845063
      },
      "fail_rate_ref_gt5deg": 0.0
    }
  }
}