{
  "generated": "2026-02-14T03:22:37.405277",
  "run_dir": "/home/sbplab/jiawei/data-worktrees/exp-tdoa-cross-correlation/results/claim2_irreducible_occlusion_20260214_005000/snr_m10_occ_lp800_micr/compare",
  "inputs": {
    "run_a": "/home/sbplab/jiawei/data-worktrees/exp-tdoa-cross-correlation/results/claim2_irreducible_occlusion_20260214_005000/snr_m10_occ_lp800_micr/student_ldv_mic",
    "run_b": "/home/sbplab/jiawei/data-worktrees/exp-tdoa-cross-correlation/results/claim2_irreducible_occlusion_20260214_005000/snr_m10_occ_lp800_micr/student_mic_only",
    "sha256": {
      "run_a/test_windows.jsonl": "da56e057e4732f86feccf9d107691a59ebe7c7b5af3804a038ddefc948b8a346",
      "run_b/test_windows.jsonl": "98449c671fcbb212ba0db8fbd8e5295eadf4809248c22f13e14482c4287683dc"
    }
  },
  "pooled": {
    "run_a": {
      "count": 318,
      "median": 2.5786724527979756,
      "p90": 4.65481211085131,
      "p95": 5.505924429543329,
      "fail_rate_gt5deg": 0.07232704402515723
    },
    "run_b": {
      "count": 318,
      "median": 2.590266853065054,
      "p90": 4.78504532896566,
      "p95": 5.702429792300262,
      "fail_rate_gt5deg": 0.07232704402515723
    }
  },
  "per_speaker": {
    "18-0.1V": {
      "run_a": {
        "count": 78,
        "median": 2.089382594787125,
        "p90": 4.60840177519165,
        "p95": 4.941928547285805,
        "fail_rate_gt5deg": 0.05128205128205128
      },
      "run_b": {
        "count": 78,
        "median": 2.020444753622222,
        "p90": 4.60840177519165,
        "p95": 5.011419827388945,
        "fail_rate_gt5deg": 0.05128205128205128
      }
    },
    "19-0.1V": {
      "run_a": {
        "count": 53,
        "median": 2.6551893784239002,
        "p90": 4.503964700002436,
        "p95": 5.24277681699079,
        "fail_rate_gt5deg": 0.05660377358490566
      },
      "run_b": {
        "count": 53,
        "median": 2.26918009387915,
        "p90": 4.503964700002436,
        "p95": 4.907344834748873,
        "fail_rate_gt5deg": 0.03773584905660377
      }
    },
    "20-0.1V": {
      "run_a": {
        "count": 49,
        "median": 2.5969635089925034,
        "p90": 4.270419401039184,
        "p95": 4.400604456494669,
        "fail_rate_gt5deg": 0.0
      },
      "run_b": {
        "count": 49,
        "median": 2.79931099787617,
        "p90": 4.510764213649121,
        "p95": 4.786639554372828,
        "fail_rate_gt5deg": 0.02040816326530612
      }
    },
    "21-0.1V": {
      "run_a": {
        "count": 63,
        "median": 2.283721560937968,
        "p90": 4.034306192137623,
        "p95": 4.460365647727149,
        "fail_rate_gt5deg": 0.015873015873015872
      },
      "run_b": {
        "count": 63,
        "median": 2.4392221844909097,
        "p90": 4.523176287015343,
        "p95": 4.698712305179966,
        "fail_rate_gt5deg": 0.015873015873015872
      }
    },
    "22-0.1V": {
      "run_a": {
        "count": 75,
        "median": 3.276275535200245,
        "p90": 5.764638760923338,
        "p95": 5.870836487329438,
        "fail_rate_gt5deg": 0.2
      },
      "run_b": {
        "count": 75,
        "median": 3.124570012080177,
        "p90": 5.764638760923338,
        "p95": 5.870836487329438,
        "fail_rate_gt5deg": 0.2
      }
    }
  },
  "acceptance": {
    "p95_ldv_mic_better_by_ge_10pct": false,
    "fail_rate_ldv_mic_better_by_ge_20pct": false,
    "overall_pass": false,
    "computed": {
      "p95_improvement_frac": 0.034459935486144094,
      "fail_rate_improvement_frac": 0.0
    }
  },
  "teacher_actions_check": {
    "teacher_a": "/home/sbplab/jiawei/data-worktrees/exp-tdoa-cross-correlation/results/claim2_irreducible_occlusion_20260214_005000/snr_m10_occ_lp800_micr/teacher_ldv_mic/teacher_trajectories.npz",
    "teacher_b": "/home/sbplab/jiawei/data-worktrees/exp-tdoa-cross-correlation/results/claim2_irreducible_occlusion_20260214_005000/snr_m10_occ_lp800_micr/teacher_mic_only/teacher_trajectories.npz",
    "actions_identical": true,
    "diff_count": 0
  }
}