{
  "generated": "2026-02-14T17:40:33.078241",
  "run_dir": "/home/sbplab/jiawei/data-worktrees/exp-tdoa-cross-correlation/results/claim2_micobs_ablation_metricfix_smoke_20260214_174021/student/mic_only_control",
  "acceptance": {
    "p95_improvement_frac_ge_0p15": false,
    "fail_rate_improvement_frac_ge_0p20": false,
    "median_not_worse_frac_le_0p05": true,
    "overall_pass": false,
    "computed": {
      "p95_improvement_frac": 0.0,
      "fail_rate_improvement_frac": 0.0,
      "median_worsening_frac": -0.3518606178933314
    }
  },
  "corruption": {
    "use_traj_corruption": true,
    "config": {
      "snr_db": 0.0,
      "band_lo_hz": 500.0,
      "band_hi_hz": 2000.0,
      "preclip_gain": 100.0,
      "clip_limit": 0.99,
      "seed": 1337
    },
    "snr_achieved_db_preclip_test": {
      "micl_median": -8.558406265660524e-14,
      "micr_median": -4.989524926375573
    },
    "clip_frac_test": {
      "micl_mean": 0.0,
      "micr_mean": 4.6875e-05
    }
  },
  "pooled": {
    "baseline": {
      "theta_error_ref_deg": {
        "count": 4,
        "median": 3.102504822958216,
        "p90": 4.018743732074444,
        "p95": 4.082871423760651
      },
      "theta_error_geo_deg": {
        "count": 4,
        "median": 0.8609785232934948,
        "p90": 5.097088328589688,
        "p95": 5.969974467662324
      },
      "fail_rate_ref_gt5deg": 0.0
    },
    "student": {
      "theta_error_ref_deg": {
        "count": 4,
        "median": 2.0108555589347454,
        "p90": 4.018743732074444,
        "p95": 4.082871423760651
      },
      "theta_error_geo_deg": {
        "count": 4,
        "median": 3.252886213368253,
        "p90": 5.817685239572526,
        "p95": 6.330272923153744
      },
      "fail_rate_ref_gt5deg": 0.0
    }
  }
}