{
  "generated": "2026-02-14T03:05:49.541520",
  "run_dir": "/home/sbplab/jiawei/data-worktrees/exp-tdoa-cross-correlation/results/claim2_irreducible_occlusion_20260214_005000/snr_p0_occ_lp800_micr/compare",
  "inputs": {
    "run_a": "/home/sbplab/jiawei/data-worktrees/exp-tdoa-cross-correlation/results/claim2_irreducible_occlusion_20260214_005000/snr_p0_occ_lp800_micr/student_ldv_mic",
    "run_b": "/home/sbplab/jiawei/data-worktrees/exp-tdoa-cross-correlation/results/claim2_irreducible_occlusion_20260214_005000/snr_p0_occ_lp800_micr/student_mic_only",
    "sha256": {
      "run_a/test_windows.jsonl": "62f049b4962428240b05c8a667de58bdb0bf4e165129da90edeaf1b845abedb3",
      "run_b/test_windows.jsonl": "8bfb454b6a641eb3bf3bb1a6bc06912d4d3871f9677c593ff16e4cc3d1c07633"
    }
  },
  "pooled": {
    "run_a": {
      "count": 318,
      "median": 2.5910529154220594,
      "p90": 4.443736327885817,
      "p95": 4.782279948703352,
      "fail_rate_gt5deg": 0.03459119496855346
    },
    "run_b": {
      "count": 318,
      "median": 2.4972918844459686,
      "p90": 4.637959594266112,
      "p95": 5.241335850805303,
      "fail_rate_gt5deg": 0.06918238993710692
    }
  },
  "per_speaker": {
    "18-0.1V": {
      "run_a": {
        "count": 78,
        "median": 2.583705006904127,
        "p90": 4.366004885501098,
        "p95": 4.659106679501652,
        "fail_rate_gt5deg": 0.01282051282051282
      },
      "run_b": {
        "count": 78,
        "median": 2.666125627039202,
        "p90": 5.366853221256506,
        "p95": 5.657087705125702,
        "fail_rate_gt5deg": 0.14102564102564102
      }
    },
    "19-0.1V": {
      "run_a": {
        "count": 53,
        "median": 2.2897051387010396,
        "p90": 4.328881083793294,
        "p95": 4.583997848191484,
        "fail_rate_gt5deg": 0.03773584905660377
      },
      "run_b": {
        "count": 53,
        "median": 2.2897051387010396,
        "p90": 4.4043335056267665,
        "p95": 4.675042472156805,
        "fail_rate_gt5deg": 0.018867924528301886
      }
    },
    "20-0.1V": {
      "run_a": {
        "count": 49,
        "median": 2.993121886091791,
        "p90": 4.018584968040861,
        "p95": 4.4146098384621215,
        "fail_rate_gt5deg": 0.0
      },
      "run_b": {
        "count": 49,
        "median": 2.656342216032044,
        "p90": 4.083902248512421,
        "p95": 4.308049463721694,
        "fail_rate_gt5deg": 0.0
      }
    },
    "21-0.1V": {
      "run_a": {
        "count": 63,
        "median": 3.067544562262153,
        "p90": 4.548466204418399,
        "p95": 4.7201142203562885,
        "fail_rate_gt5deg": 0.031746031746031744
      },
      "run_b": {
        "count": 63,
        "median": 2.5200095154819078,
        "p90": 4.241378708978967,
        "p95": 4.421764767485054,
        "fail_rate_gt5deg": 0.015873015873015872
      }
    },
    "22-0.1V": {
      "run_a": {
        "count": 75,
        "median": 2.3072482422178453,
        "p90": 4.761154195004043,
        "p95": 5.104263989573626,
        "fail_rate_gt5deg": 0.08
      },
      "run_b": {
        "count": 75,
        "median": 2.5328502842819596,
        "p90": 5.077553469733124,
        "p95": 5.532663370932122,
        "fail_rate_gt5deg": 0.12
      }
    }
  },
  "acceptance": {
    "p95_ldv_mic_better_by_ge_10pct": false,
    "fail_rate_ldv_mic_better_by_ge_20pct": true,
    "overall_pass": false,
    "computed": {
      "p95_improvement_frac": 0.08758376016515317,
      "fail_rate_improvement_frac": 0.5
    }
  },
  "teacher_actions_check": {
    "teacher_a": "/home/sbplab/jiawei/data-worktrees/exp-tdoa-cross-correlation/results/claim2_irreducible_occlusion_20260214_005000/snr_p0_occ_lp800_micr/teacher_ldv_mic/teacher_trajectories.npz",
    "teacher_b": "/home/sbplab/jiawei/data-worktrees/exp-tdoa-cross-correlation/results/claim2_irreducible_occlusion_20260214_005000/snr_p0_occ_lp800_micr/teacher_mic_only/teacher_trajectories.npz",
    "actions_identical": true,
    "diff_count": 0
  }
}