{
  "speaker_id": "18-0.1V",
  "signal_pair": "micl_micr",
  "pair_description": "MicL-MicR",
  "ground_truth": {
    "tau_true_ms": 1.450441867492482,
    "theta_true_deg": 20.815402749359603,
    "d_left": 2.5,
    "d_right": 2.0024984394500787,
    "speaker_pos": [
      0.8,
      0.0
    ]
  },
  "truth_reference": {
    "mode": "override",
    "label": "chirp 29 mic truth-ref (5s)",
    "tau_ref_ms": 1.585930191304251,
    "theta_ref_deg": 22.864486344008302
  },
  "n_segments": 5,
  "segment_mode": "scan",
  "scan_summary": {
    "n_scanned": 501,
    "n_candidates": 501,
    "n_filtered": 32,
    "n_selected": 5,
    "scan_sort_by": "tau_err",
    "scan_psr_min_db": -20.0,
    "scan_tau_err_max_ms": 2.0,
    "scan_ldv_micl_psr_min_db": null
  },
  "segment_centers_sec": [
    381.0,
    340.0,
    583.0,
    513.0,
    189.0
  ],
  "ldv_prealign": "gcc_phat",
  "alignment_mode": "dtmin",
  "dtmin_model_path": null,
  "dtmin_model_metadata": null,
  "config": {
    "fs": 48000,
    "n_fft": 6144,
    "hop_length": 160,
    "max_lag": 50,
    "max_k": 3,
    "tw": 64,
    "freq_min": 100,
    "freq_max": 8000,
    "gcc_max_lag_ms": 10.0,
    "gcc_bandpass_low": 500.0,
    "gcc_bandpass_high": 2000.0,
    "psr_exclude_samples": 50,
    "gcc_guided_peak_radius_ms": 0.3,
    "analysis_slice_sec": 5.0,
    "eval_window_sec": 5.0,
    "segment_spacing_sec": 50.0,
    "segment_offset_sec": 100.0,
    "ldv_prealign": "gcc_phat",
    "alignment_mode": "dtmin",
    "dtmin_model_path": null,
    "speed_of_sound": 343.0,
    "mic_spacing": 1.4
  },
  "result": {
    "tau_median_ms": 1.5773773604364367,
    "theta_median_deg": 22.734250590779872,
    "theta_error_median_deg": 0.13023575322842973,
    "psr_median_db": -12.516997544865562,
    "per_segment": [
      {
        "tau_ms": 1.5860915459528682,
        "psr_db": -12.516997544865562,
        "theta_deg": 22.866944522798292,
        "theta_error_deg": 0.0024581787899897733,
        "center_sec": 381.0
      },
      {
        "tau_ms": 1.5852506861082551,
        "psr_db": -19.138003022618168,
        "theta_deg": 22.854134819904257,
        "theta_error_deg": 0.010351524104045495,
        "center_sec": 340.0
      },
      {
        "tau_ms": 1.5773773604364367,
        "psr_db": -12.308540178788283,
        "theta_deg": 22.734250590779872,
        "theta_error_deg": 0.13023575322842973,
        "center_sec": 583.0
      },
      {
        "tau_ms": 1.5770977279844258,
        "psr_db": -11.897607863607004,
        "theta_deg": 22.7299946662906,
        "theta_error_deg": 0.1344916777177012,
        "center_sec": 513.0
      },
      {
        "tau_ms": 1.5705081542430328,
        "psr_db": -13.820018333210957,
        "theta_deg": 22.62974152556901,
        "theta_error_deg": 0.2347448184392924,
        "center_sec": 189.0
      }
    ]
  },
  "result_raw": null,
  "pass_thresholds": {
    "theta_error_max_deg": 5.0,
    "psr_min_db": null
  },
  "passed": true,
  "pass_conditions": {
    "pass_mode": "theta_only",
    "alignment_mode": "dtmin",
    "theta_error_small": true,
    "psr_min_db": null,
    "psr_min_ok": true,
    "passed": true
  },
  "pass_mode": "theta_only",
  "timestamp": "2026-02-11T22:14:39.795789"
}