{
  "generated": "2026-02-14T03:47:51.162345",
  "run_dir": "/home/sbplab/jiawei/data-worktrees/exp-tdoa-cross-correlation/results/claim2_irreducible_occlusion_20260214_005000/snr_m10_occ_lp600_micr/student_mic_only",
  "acceptance": {
    "p95_improvement_frac_ge_0p15": false,
    "fail_rate_improvement_frac_ge_0p20": true,
    "median_not_worse_frac_le_0p05": true,
    "overall_pass": false,
    "computed": {
      "p95_improvement_frac": 0.14669922486351034,
      "fail_rate_improvement_frac": 0.6315789473648975,
      "median_worsening_frac": -0.012834284345276213
    }
  },
  "corruption": {
    "use_traj_corruption": true,
    "config": {
      "snr_db": -10.0,
      "band_lo_hz": 500.0,
      "band_hi_hz": 2000.0,
      "preclip_gain": 100.0,
      "clip_limit": 0.99,
      "seed": 1337
    },
    "snr_achieved_db_preclip_test": {
      "micl_median": -9.999999999943139,
      "micr_median": -24.346373385328157
    },
    "clip_frac_test": {
      "micl_mean": 0.0043848794549266245,
      "micr_mean": 0.00906589360587002
    }
  },
  "pooled": {
    "baseline": {
      "theta_error_ref_deg": {
        "count": 318,
        "median": 2.6311201105458952,
        "p90": 5.742261988083843,
        "p95": 6.2777610826436865
      },
      "theta_error_geo_deg": {
        "count": 318,
        "median": 2.9739803099694857,
        "p90": 7.2540003413038825,
        "p95": 8.248426913193834
      },
      "fail_rate_ref_gt5deg": 0.1792452830188679
    },
    "student": {
      "theta_error_ref_deg": {
        "count": 318,
        "median": 2.597351566900562,
        "p90": 4.76699867844462,
        "p95": 5.3568183979413995
      },
      "theta_error_geo_deg": {
        "count": 318,
        "median": 2.79569579059972,
        "p90": 6.248404797232902,
        "p95": 6.896233285913793
      },
      "fail_rate_ref_gt5deg": 0.0660377358490566
    }
  }
}