{
  "generated": "2026-02-14T18:50:32.807327",
  "speaker_id": "20-0.1V",
  "truth_reference": {
    "tau_ref_ms": 0.22239289589976383,
    "theta_ref_deg": 3.123379435862821,
    "label": "chirp 25 mic truth-ref (5s)"
  },
  "geometry_truth": {
    "tau_true_ms": 0.0,
    "theta_true_deg": 0.0
  },
  "counts": {
    "n_candidate_windows": 501,
    "n_speech_windows": 251,
    "n_silence_windows": 6
  },
  "rms_thresholds": {
    "speech_rms_micl_p50": 0.0017595765068800931
  },
  "coupling": {
    "coupling_mode": "mic_only",
    "coupling_hard_forbid_enable": false,
    "forbidden_band_count_static_effective": 0,
    "dynamic_coh_gate_enable": true,
    "dynamic_coh_min": 0.05,
    "tau_ref_gate_enable": false,
    "tau_ref_gate_ratio_min": 0.6,
    "forbidden_dyn_count_speech_windows": {
      "min": 0,
      "median": 0.0,
      "p90": 0.0,
      "max": 0
    },
    "forbidden_tau_ref_count_speech_windows": {
      "min": 0,
      "median": 0.0,
      "p90": 0.0,
      "max": 0
    }
  },
  "method": {
    "baseline": {
      "theta_error_ref_deg": {
        "count": 251,
        "median": 3.1303157766719605,
        "p90": 3.1512077100843405,
        "p95": 3.157429586186521
      },
      "theta_error_geo_deg": {
        "count": 251,
        "median": 0.013729396344657595,
        "p90": 0.0355304488411909,
        "p95": 0.04375900993468915
      },
      "fail_rate_ref_gt5deg": 0.0
    },
    "teacher": {
      "theta_error_ref_deg": {
        "count": 251,
        "median": 0.6678896339916172,
        "p90": 3.1771725822855856,
        "p95": 3.1941983317165743
      },
      "theta_error_geo_deg": {
        "count": 251,
        "median": 3.4759195874374464,
        "p90": 3.6912086554590133,
        "p95": 3.776123681336994
      },
      "fail_rate_ref_gt5deg": 0.0
    }
  }
}