{
  "generated": "2026-02-13T23:45:03.577795",
  "run_dir": "/home/sbplab/jiawei/data-worktrees/exp-tdoa-cross-correlation/results/claim2_irreducible_miclocal_20260213_232300/snr_p5/compare",
  "inputs": {
    "run_a": "/home/sbplab/jiawei/data-worktrees/exp-tdoa-cross-correlation/results/claim2_irreducible_miclocal_20260213_232300/snr_p5/student_ldv_mic",
    "run_b": "/home/sbplab/jiawei/data-worktrees/exp-tdoa-cross-correlation/results/claim2_irreducible_miclocal_20260213_232300/snr_p5/student_mic_only",
    "sha256": {
      "run_a/test_windows.jsonl": "6a8dd416a7c56a8f28c54228083bf2ca5833398b2d560c94d90731ae26e901ae",
      "run_b/test_windows.jsonl": "927cfa3857e72889f8882d014beb89f8582afe76c2da9a38fe69f54b53c3e8b0"
    }
  },
  "pooled": {
    "run_a": {
      "count": 318,
      "median": 1.5524743840759239,
      "p90": 4.6123380549882915,
      "p95": 4.8706015361577855,
      "fail_rate_gt5deg": 0.03773584905660377
    },
    "run_b": {
      "count": 318,
      "median": 1.1628595505871608,
      "p90": 4.463255170222428,
      "p95": 4.612158552469136,
      "fail_rate_gt5deg": 0.0031446540880503146
    }
  },
  "per_speaker": {
    "18-0.1V": {
      "run_a": {
        "count": 78,
        "median": 2.0465765958294053,
        "p90": 4.760861370798421,
        "p95": 4.884281573407518,
        "fail_rate_gt5deg": 0.038461538461538464
      },
      "run_b": {
        "count": 78,
        "median": 0.949770303699653,
        "p90": 4.6141093461227,
        "p95": 4.764993741705636,
        "fail_rate_gt5deg": 0.0
      }
    },
    "19-0.1V": {
      "run_a": {
        "count": 53,
        "median": 1.5106105477217238,
        "p90": 5.062565916212741,
        "p95": 5.415506527342584,
        "fail_rate_gt5deg": 0.1320754716981132
      },
      "run_b": {
        "count": 53,
        "median": 1.3040846419255665,
        "p90": 4.451660347025844,
        "p95": 4.607012654802331,
        "fail_rate_gt5deg": 0.0
      }
    },
    "20-0.1V": {
      "run_a": {
        "count": 49,
        "median": 2.7232647206817293,
        "p90": 4.126925045651942,
        "p95": 4.365080379216346,
        "fail_rate_gt5deg": 0.0
      },
      "run_b": {
        "count": 49,
        "median": 0.8293407528958685,
        "p90": 4.154886975270563,
        "p95": 4.273047202290476,
        "fail_rate_gt5deg": 0.0
      }
    },
    "21-0.1V": {
      "run_a": {
        "count": 63,
        "median": 3.0556473596626184,
        "p90": 4.607612375263049,
        "p95": 4.882392902886527,
        "fail_rate_gt5deg": 0.015873015873015872
      },
      "run_b": {
        "count": 63,
        "median": 3.580614477817459,
        "p90": 4.561475262749903,
        "p95": 4.73893484277449,
        "fail_rate_gt5deg": 0.015873015873015872
      }
    },
    "22-0.1V": {
      "run_a": {
        "count": 75,
        "median": 0.6578777869754298,
        "p90": 3.567675485625664,
        "p95": 4.032491187325915,
        "fail_rate_gt5deg": 0.013333333333333334
      },
      "run_b": {
        "count": 75,
        "median": 0.7883169856863397,
        "p90": 3.5079199134625485,
        "p95": 4.066484383329864,
        "fail_rate_gt5deg": 0.0
      }
    }
  },
  "acceptance": {
    "p95_ldv_mic_better_by_ge_10pct": false,
    "fail_rate_ldv_mic_better_by_ge_20pct": false,
    "overall_pass": false,
    "computed": {
      "p95_improvement_frac": -0.05603514726315965,
      "fail_rate_improvement_frac": -11.0
    }
  },
  "teacher_actions_check": {
    "teacher_a": "/home/sbplab/jiawei/data-worktrees/exp-tdoa-cross-correlation/results/claim2_irreducible_miclocal_20260213_232300/snr_p5/teacher_ldv_mic/teacher_trajectories.npz",
    "teacher_b": "/home/sbplab/jiawei/data-worktrees/exp-tdoa-cross-correlation/results/claim2_irreducible_miclocal_20260213_232300/snr_p5/teacher_mic_only/teacher_trajectories.npz",
    "actions_identical": true,
    "diff_count": 0
  }
}