{
  "speaker_id": "19-0.1V",
  "signal_pair": "ldv_micl",
  "pair_description": "LDV aligned to MicL (OMP) paired with MicR",
  "ground_truth": {
    "tau_true_ms": 0.7585061238687961,
    "theta_true_deg": 10.709760310799183,
    "d_left": 2.2825424421026654,
    "d_right": 2.0223748416156684,
    "speaker_pos": [
      0.4,
      0.0
    ]
  },
  "truth_reference": {
    "mode": "geometry",
    "label": null,
    "tau_ref_ms": 0.7585061238687961,
    "theta_ref_deg": 10.709760310799183
  },
  "n_segments": 5,
  "segment_mode": "scan",
  "scan_summary": {
    "n_scanned": 501,
    "n_candidates": 501,
    "n_filtered": 496,
    "n_selected": 5,
    "scan_sort_by": "tau_err",
    "scan_psr_min_db": -20.0,
    "scan_tau_err_max_ms": 2.0,
    "scan_ldv_micl_psr_min_db": null
  },
  "segment_centers_sec": [
    506.0,
    349.0,
    570.0,
    194.0,
    126.0
  ],
  "ldv_prealign": "gcc_phat",
  "config": {
    "fs": 48000,
    "n_fft": 6144,
    "hop_length": 160,
    "max_lag": 50,
    "max_k": 3,
    "tw": 64,
    "freq_min": 100,
    "freq_max": 8000,
    "gcc_max_lag_ms": 10.0,
    "gcc_bandpass_low": 500.0,
    "gcc_bandpass_high": 2000.0,
    "psr_exclude_samples": 50,
    "gcc_guided_peak_radius_ms": 0.3,
    "analysis_slice_sec": 5.0,
    "eval_window_sec": 5.0,
    "segment_spacing_sec": 50.0,
    "segment_offset_sec": 100.0,
    "ldv_prealign": "gcc_phat",
    "speed_of_sound": 343.0,
    "mic_spacing": 1.4
  },
  "result": {
    "tau_median_ms": 0.6227797232708548,
    "theta_median_deg": 8.776530899936088,
    "theta_error_median_deg": 1.9332294108630954,
    "psr_median_db": -1.3601051857145623,
    "per_segment": [
      {
        "tau_ms": 0.6426386509716688,
        "psr_db": 0.1364547867554252,
        "theta_deg": 9.05871113096618,
        "theta_error_deg": 1.6510491798330023,
        "center_sec": 506.0,
        "prealign": {
          "mode": "gcc_phat",
          "tau_ldv_to_micl_ms": -0.014965593073775313,
          "psr_ldv_to_micl_db": 18.285288932253312,
          "applied_delay_ms": 0.014965593073775313
        }
      },
      {
        "tau_ms": 0.5577511608151088,
        "psr_db": -1.2750681659426397,
        "theta_deg": 7.853986381278306,
        "theta_error_deg": 2.8557739295208773,
        "center_sec": 349.0,
        "prealign": {
          "mode": "gcc_phat",
          "tau_ldv_to_micl_ms": 0.01928513248768808,
          "psr_ldv_to_micl_db": 23.702298178091464,
          "applied_delay_ms": -0.01928513248768808
        }
      },
      {
        "tau_ms": 0.7710024657044684,
        "psr_db": -6.040125560565015,
        "theta_deg": 10.888339936608341,
        "theta_error_deg": 0.17857962580915832,
        "center_sec": 570.0,
        "prealign": {
          "mode": "gcc_phat",
          "tau_ldv_to_micl_ms": -0.007189113748157917,
          "psr_ldv_to_micl_db": 31.299258963691422,
          "applied_delay_ms": 0.007189113748157917
        }
      },
      {
        "tau_ms": 0.47563581413840617,
        "psr_db": -3.9604665969041184,
        "theta_deg": 6.691925655523934,
        "theta_error_deg": 4.017834655275249,
        "center_sec": 194.0,
        "prealign": {
          "mode": "gcc_phat",
          "tau_ldv_to_micl_ms": 0.0017033307591068918,
          "psr_ldv_to_micl_db": 29.169640081049316,
          "applied_delay_ms": -0.0017033307591068918
        }
      },
      {
        "tau_ms": 0.6227797232708548,
        "psr_db": -1.3601051857145623,
        "theta_deg": 8.776530899936088,
        "theta_error_deg": 1.9332294108630954,
        "center_sec": 126.0,
        "prealign": {
          "mode": "gcc_phat",
          "tau_ldv_to_micl_ms": -0.019143032314706043,
          "psr_ldv_to_micl_db": 30.746136500202002,
          "applied_delay_ms": 0.019143032314706043
        }
      }
    ]
  },
  "result_raw": {
    "tau_median_ms": 0.6219687208819236,
    "theta_median_deg": 8.765011780302345,
    "theta_error_median_deg": 3.7529523486597354,
    "psr_median_db": -6.256637640959991,
    "per_segment": [
      {
        "tau_ms": 0.6931605965187939,
        "psr_db": -7.367952893371638,
        "theta_deg": 9.777606331170013,
        "theta_error_deg": 0.9321539796291702,
        "center_sec": 506.0
      },
      {
        "tau_ms": 1.0826340876436236,
        "psr_db": -8.548335146225451,
        "theta_deg": 15.381532127554319,
        "theta_error_deg": 4.671771816755136,
        "center_sec": 349.0
      },
      {
        "tau_ms": 0.4340384650881069,
        "psr_db": -6.256637640959991,
        "theta_deg": 6.104341988617586,
        "theta_error_deg": 4.605418322181597,
        "center_sec": 570.0
      },
      {
        "tau_ms": 0.4943717739191762,
        "psr_db": -3.724470061052804,
        "theta_deg": 6.956807962139448,
        "theta_error_deg": 3.7529523486597354,
        "center_sec": 194.0
      },
      {
        "tau_ms": 0.6219687208819236,
        "psr_db": -2.553836876228014,
        "theta_deg": 8.765011780302345,
        "theta_error_deg": 1.9447485304968382,
        "center_sec": 126.0
      }
    ]
  },
  "pass_thresholds": {
    "theta_error_max_deg": 5.0,
    "psr_min_db": null
  },
  "passed": true,
  "pass_conditions": {
    "pass_mode": "omp_vs_raw",
    "omp_better_than_raw": true,
    "omp_error_small": true,
    "omp_psr_improved": true,
    "psr_min_db": null,
    "psr_min_ok": true,
    "passed": true
  },
  "pass_mode": "omp_vs_raw",
  "timestamp": "2026-02-11T10:56:09.933829"
}