{
  "speaker_id": "21-0.1V",
  "signal_pair": "ldv_micl",
  "pair_description": "LDV aligned to MicL (OMP) paired with MicR",
  "ground_truth": {
    "tau_true_ms": -0.7585061238687961,
    "theta_true_deg": -10.709760310799183,
    "d_left": 2.0223748416156684,
    "d_right": 2.2825424421026654,
    "speaker_pos": [
      -0.4,
      0.0
    ]
  },
  "truth_reference": {
    "mode": "override",
    "label": "chirp 24 mic truth-ref (5s)",
    "tau_ref_ms": -0.6354575282303851,
    "theta_ref_deg": -8.956647639640721
  },
  "n_segments": 5,
  "segment_mode": "scan",
  "scan_summary": {
    "n_scanned": 501,
    "n_candidates": 501,
    "n_filtered": 457,
    "n_selected": 5,
    "scan_sort_by": "tau_err",
    "scan_psr_min_db": -20.0,
    "scan_tau_err_max_ms": 0.3,
    "scan_ldv_micl_psr_min_db": null
  },
  "segment_centers_sec": [
    140.0,
    242.0,
    450.0,
    430.0,
    348.0
  ],
  "ldv_prealign": "gcc_phat",
  "config": {
    "fs": 48000,
    "n_fft": 6144,
    "hop_length": 160,
    "max_lag": 50,
    "max_k": 3,
    "tw": 64,
    "freq_min": 100,
    "freq_max": 8000,
    "gcc_max_lag_ms": 10.0,
    "gcc_bandpass_low": 500.0,
    "gcc_bandpass_high": 2000.0,
    "psr_exclude_samples": 50,
    "gcc_guided_peak_radius_ms": 0.3,
    "analysis_slice_sec": 5.0,
    "eval_window_sec": 5.0,
    "segment_spacing_sec": 50.0,
    "segment_offset_sec": 100.0,
    "ldv_prealign": "gcc_phat",
    "speed_of_sound": 343.0,
    "mic_spacing": 1.4
  },
  "result": {
    "tau_median_ms": -0.41367162027207094,
    "theta_median_deg": -5.816888684825509,
    "theta_error_median_deg": 3.1397589548152123,
    "psr_median_db": -0.6467270636574844,
    "per_segment": [
      {
        "tau_ms": -0.41367162027207094,
        "psr_db": -0.6467270636574844,
        "theta_deg": -5.816888684825509,
        "theta_error_deg": 3.1397589548152123,
        "center_sec": 140.0,
        "prealign": {
          "mode": "gcc_phat",
          "tau_ldv_to_micl_ms": -0.0023600568384936696,
          "psr_ldv_to_micl_db": 31.39407946275125,
          "applied_delay_ms": 0.0023600568384936696
        }
      },
      {
        "tau_ms": -0.39278894482912063,
        "psr_db": -4.3705658644282375,
        "theta_deg": -5.522307462884436,
        "theta_error_deg": 3.434340176756285,
        "center_sec": 242.0,
        "prealign": {
          "mode": "gcc_phat",
          "tau_ldv_to_micl_ms": 0.003478843109546744,
          "psr_ldv_to_micl_db": 32.764540894093315,
          "applied_delay_ms": -0.003478843109546744
        }
      },
      {
        "tau_ms": -0.3605967862782276,
        "psr_db": 2.7644896368097847,
        "theta_deg": -5.06847304321278,
        "theta_error_deg": 3.888174596427941,
        "center_sec": 450.0,
        "prealign": {
          "mode": "gcc_phat",
          "tau_ldv_to_micl_ms": 0.008457141166248157,
          "psr_ldv_to_micl_db": 26.415203755603716,
          "applied_delay_ms": -0.008457141166248157
        }
      },
      {
        "tau_ms": -0.6818877756485717,
        "psr_db": 3.626770085354062,
        "theta_deg": -9.617070592085586,
        "theta_error_deg": 0.6604229524448648,
        "center_sec": 430.0,
        "prealign": {
          "mode": "gcc_phat",
          "tau_ldv_to_micl_ms": 0.0009572239195401398,
          "psr_ldv_to_micl_db": 13.813411871954788,
          "applied_delay_ms": -0.0009572239195401398
        }
      },
      {
        "tau_ms": -0.7220289460167401,
        "psr_db": -5.180557666341978,
        "theta_deg": -10.189076068562867,
        "theta_error_deg": 1.2324284289221463,
        "center_sec": 348.0,
        "prealign": {
          "mode": "gcc_phat",
          "tau_ldv_to_micl_ms": 0.0075093487016555955,
          "psr_ldv_to_micl_db": 29.73516947300847,
          "applied_delay_ms": -0.0075093487016555955
        }
      }
    ]
  },
  "pass_thresholds": {
    "theta_error_max_deg": 5.0,
    "psr_min_db": null
  },
  "passed": true,
  "timestamp": "2026-02-11T10:03:51.008723"
}