{
  "cm_snr_db": -10.0,
  "teacher_dir": "/home/sbplab/jiawei/data-worktrees/exp-tdoa-cross-correlation/results/claim2_coherence_trap_sweep_smoke_20260214_183545/cm_snr_-10db/teacher_mic_only_control",
  "n_test_windows": 6,
  "theta_error_ref_deg": {
    "p95": 3.136330419463254,
    "fail_rate_gt4deg": 0.0,
    "median": 3.127747502317621
  },
  "psr_db": {
    "median": 17.056750518101488,
    "frac_gt3db": 1.0,
    "p95": 17.410563526839617
  },
  "mic_coh_band_median": {
    "median": 0.8584173906464303,
    "p10": 0.8031658315894576,
    "p90": 0.9157152923267073
  },
  "near_fail_pass": false,
  "coherence_trap_pass": true
}