{
  "cc": {
    "num_defined": 254,
    "tau_ms_mean": -2.739882425788856,
    "tau_ms_std": 8.747089909043723,
    "tau_ms_median": -1.3882529582429093,
    "tau_ms_p10": -9.402460220920972,
    "tau_ms_p90": 0.11650007880946743,
    "psr_mean": 61.874749900025684,
    "psr_median": 37.276569509181954,
    "psr_p50": 37.276569509181954,
    "psr_p90": 130.90781536830946
  },
  "ncc": {
    "num_defined": 254,
    "tau_ms_mean": -2.7398824257888554,
    "tau_ms_std": 8.747089909043723,
    "tau_ms_median": -1.3882529582429093,
    "tau_ms_p10": -9.402460220920974,
    "tau_ms_p90": 0.11650007880946744,
    "psr_mean": 61.87474990002568,
    "psr_median": 37.27656950918196,
    "psr_p50": 37.27656950918196,
    "psr_p90": 130.90781536830946
  },
  "gcc_phat": {
    "num_defined": 254,
    "tau_ms_mean": -2.523700019124512,
    "tau_ms_std": 60.56153839300144,
    "tau_ms_median": 0.00023380159520346972,
    "tau_ms_p10": -127.94508157738815,
    "tau_ms_p90": 89.5529730340426,
    "psr_mean": 93.35770195947283,
    "psr_median": 88.84551161859936,
    "psr_p50": 88.84551161859936,
    "psr_p90": 131.90471889783183
  },
  "cc_vs_gcc_phat": {
    "num_compared": 254,
    "abs_diff_mean_ms": 31.460769635393433,
    "abs_diff_median_ms": 2.72050270915982,
    "abs_diff_p90_ms": 127.23468249406815,
    "correlation": -0.02375466279134514
  },
  "config": {
    "fs": 16000,
    "hop_length": 160,
    "n_fft": 2048,
    "freq_min": 300.0,
    "freq_max": 3000.0,
    "search_radius_frames": 50,
    "seed": 42
  },
  "num_pairs": 1,
  "total_windows": 254
}