{
  "generated": "2026-02-14T18:39:30.880818",
  "speaker_id": "19-0.1V",
  "truth_reference": {
    "tau_ref_ms": 0.9146816249912124,
    "theta_ref_deg": 12.949784096599064,
    "label": "chirp 28 mic truth-ref (5s)"
  },
  "geometry_truth": {
    "tau_true_ms": 0.7585061238687961,
    "theta_true_deg": 10.709760310799183
  },
  "counts": {
    "n_candidate_windows": 501,
    "n_speech_windows": 251,
    "n_silence_windows": 6
  },
  "rms_thresholds": {
    "speech_rms_micl_p50": 0.0017609058663052284
  },
  "coupling": {
    "coupling_mode": "mic_only",
    "coupling_hard_forbid_enable": false,
    "forbidden_band_count_static_effective": 0,
    "dynamic_coh_gate_enable": true,
    "dynamic_coh_min": 0.05,
    "tau_ref_gate_enable": false,
    "tau_ref_gate_ratio_min": 0.6,
    "forbidden_dyn_count_speech_windows": {
      "min": 0,
      "median": 42.0,
      "p90": 47.0,
      "max": 50
    },
    "forbidden_tau_ref_count_speech_windows": {
      "min": 0,
      "median": 0.0,
      "p90": 0.0,
      "max": 0
    }
  },
  "method": {
    "baseline": {
      "theta_error_ref_deg": {
        "count": 251,
        "median": 1.2251446959832393,
        "p90": 4.393527011357804,
        "p95": 4.42337596090195
      },
      "theta_error_geo_deg": {
        "count": 251,
        "median": 1.5370139218412415,
        "p90": 6.633550797157685,
        "p95": 6.663399746701831
      },
      "fail_rate_ref_gt5deg": 0.0
    },
    "teacher": {
      "theta_error_ref_deg": {
        "count": 251,
        "median": 0.16912541185158858,
        "p90": 0.5797678435846709,
        "p95": 0.7554174159524871
      },
      "theta_error_geo_deg": {
        "count": 251,
        "median": 2.237616600707362,
        "p90": 2.6789516719952218,
        "p95": 2.8181367049237602
      },
      "fail_rate_ref_gt5deg": 0.0
    }
  }
}