{
  "generated": "2026-02-14T16:43:20.049068",
  "speaker_id": "20-0.1V",
  "truth_reference": {
    "tau_ref_ms": 0.22239289589976383,
    "theta_ref_deg": 3.123379435862821,
    "label": "chirp 25 mic truth-ref (5s)"
  },
  "geometry_truth": {
    "tau_true_ms": 0.0,
    "theta_true_deg": 0.0
  },
  "counts": {
    "n_candidate_windows": 501,
    "n_speech_windows": 251,
    "n_silence_windows": 6
  },
  "rms_thresholds": {
    "speech_rms_micl_p50": 0.0017595765068800931
  },
  "coupling": {
    "coupling_mode": "mic_only",
    "coupling_hard_forbid_enable": false,
    "forbidden_band_count_static_effective": 0,
    "dynamic_coh_gate_enable": true,
    "dynamic_coh_min": 0.05,
    "tau_ref_gate_enable": true,
    "tau_ref_gate_ratio_min": 0.6,
    "forbidden_dyn_count_speech_windows": {
      "min": 5,
      "median": 51.0,
      "p90": 53.0,
      "max": 54
    },
    "forbidden_tau_ref_count_speech_windows": {
      "min": 0,
      "median": 0.0,
      "p90": 1.0,
      "max": 3
    }
  },
  "method": {
    "baseline": {
      "theta_error_ref_deg": {
        "count": 251,
        "median": 4.146999115446859,
        "p90": 4.355242060303381,
        "p95": 4.355242060303381
      },
      "theta_error_geo_deg": {
        "count": 251,
        "median": 1.0236196795840387,
        "p90": 7.478621496166201,
        "p95": 7.478621496166201
      },
      "fail_rate_ref_gt5deg": 0.0
    },
    "teacher": {
      "theta_error_ref_deg": {
        "count": 251,
        "median": 0.29074926144203017,
        "p90": 0.8860759063189048,
        "p95": 1.050428862660436
      },
      "theta_error_geo_deg": {
        "count": 251,
        "median": 3.002404344109839,
        "p90": 3.523847051485659,
        "p95": 3.628197708023255
      },
      "fail_rate_ref_gt5deg": 0.0
    }
  }
}