{
  "cm_snr_db": 5.0,
  "teacher_dir": "/home/sbplab/jiawei/data-worktrees/exp-tdoa-cross-correlation/results/claim2_coherence_trap_sweep_20260214_183626/cm_snr_+5db/teacher_mic_only_control",
  "n_test_windows": 318,
  "theta_error_ref_deg": {
    "p95": 4.625099483103288,
    "fail_rate_gt4deg": 0.5408805031446541,
    "median": 4.0758141737558296
  },
  "psr_db": {
    "median": -6.2436413976412855,
    "frac_gt3db": 0.25157232704402516,
    "p95": 12.579570420004478
  },
  "mic_coh_band_median": {
    "median": 0.09519548578345614,
    "p10": 0.08003523652932255,
    "p90": 0.34168428799599565
  },
  "near_fail_pass": false,
  "coherence_trap_pass": false
}