{
  "generated": "2026-02-13T23:30:37.253888",
  "speaker_id": "22-0.1V",
  "truth_reference": {
    "tau_ref_ms": -1.3070460964186907,
    "theta_ref_deg": -18.67661071203609,
    "label": "chirp 23 mic truth-ref (5s)"
  },
  "geometry_truth": {
    "tau_true_ms": -1.450441867492482,
    "theta_true_deg": -20.815402749359603
  },
  "counts": {
    "n_candidate_windows": 501,
    "n_speech_windows": 251,
    "n_silence_windows": 6
  },
  "rms_thresholds": {
    "speech_rms_micl_p50": 0.0018118447910354532
  },
  "coupling": {
    "forbidden_band_count": 43
  },
  "method": {
    "baseline": {
      "theta_error_ref_deg": {
        "count": 251,
        "median": 5.813131190573213,
        "p90": 5.995506337283182,
        "p95": 6.028793738194592
      },
      "theta_error_geo_deg": {
        "count": 251,
        "median": 3.6743391532497007,
        "p90": 3.8567142999596697,
        "p95": 3.89000170087108
      },
      "fail_rate_ref_gt5deg": 1.0
    },
    "teacher": {
      "theta_error_ref_deg": {
        "count": 251,
        "median": 0.2167421949973658,
        "p90": 0.6701909737303318,
        "p95": 0.7986857091389101
      },
      "theta_error_geo_deg": {
        "count": 251,
        "median": 2.0781832710203503,
        "p90": 2.6354523521245063,
        "p95": 2.835906514189217
      },
      "fail_rate_ref_gt5deg": 0.0
    }
  }
}