{
  "generated": "2026-02-14T14:58:05.935127",
  "run_dir": "/home/sbplab/jiawei/data-worktrees/exp-tdoa-cross-correlation/results/claim2_micobs_ablation_fix_20260214_144138/student/mic_only_psd_only",
  "acceptance": {
    "p95_improvement_frac_ge_0p15": true,
    "fail_rate_improvement_frac_ge_0p20": true,
    "median_not_worse_frac_le_0p05": true,
    "overall_pass": true,
    "computed": {
      "p95_improvement_frac": 0.3295688801146239,
      "fail_rate_improvement_frac": 0.48611111111003763,
      "median_worsening_frac": -0.4986819995423423
    }
  },
  "corruption": {
    "use_traj_corruption": true,
    "config": {
      "snr_db": 0.0,
      "band_lo_hz": 500.0,
      "band_hi_hz": 2000.0,
      "preclip_gain": 100.0,
      "clip_limit": 0.99,
      "seed": 1337
    },
    "snr_achieved_db_preclip_test": {
      "micl_median": 3.6644443729024755e-14,
      "micr_median": -5.001490332814589
    },
    "clip_frac_test": {
      "micl_mean": 0.0016959119496855347,
      "micr_mean": 0.006201585429769391
    }
  },
  "pooled": {
    "baseline": {
      "theta_error_ref_deg": {
        "count": 318,
        "median": 4.834958856419766,
        "p90": 6.919111942689123,
        "p95": 10.606212431335203
      },
      "theta_error_geo_deg": {
        "count": 318,
        "median": 3.729781723480831,
        "p90": 7.9242921526418,
        "p95": 9.046943690883202
      },
      "fail_rate_ref_gt5deg": 0.4528301886792453
    },
    "student": {
      "theta_error_ref_deg": {
        "count": 318,
        "median": 2.4238519061949013,
        "p90": 5.867697719336903,
        "p95": 7.110734878081929
      },
      "theta_error_geo_deg": {
        "count": 318,
        "median": 2.9200961243502306,
        "p90": 6.998678609815534,
        "p95": 8.10517624686196
      },
      "fail_rate_ref_gt5deg": 0.23270440251572327
    }
  }
}