{
  "timestamp": "2026-02-13T16:38:37.217981",
  "output_dir": "results/wall_tf_diagnostic_v2_20260213_163538",
  "speakers": {
    "18": {
      "speaker_key": "18",
      "ground_truths": {
        "x_s_true": 0.8,
        "theta_true_deg": 20.815402749359603,
        "tau1_true_ms": 1.450441867492482,
        "tau2_true_ms": -4.538197920683205,
        "tau3_true_ms": -3.087756053190723,
        "d_ldv": 0.9433981132056605,
        "d_micl": 2.5,
        "d_micr": 2.0024984394500787
      },
      "n_segments": 5,
      "segment_centers_sec": [
        277.0,
        337.0,
        442.0,
        493.0,
        560.0
      ],
      "checkpoint_0": {
        "checkpoint": 0,
        "name": "data_sanity",
        "checks": {
          "fs_correct": true,
          "lengths_match": true,
          "ldv_rms": 0.021389142004009293,
          "ldv_rms_ok": true,
          "ldv_max_abs": 0.250141978263855,
          "ldv_no_clip": true,
          "micl_rms": 0.0018135502507063911,
          "micl_rms_ok": true,
          "micl_max_abs": 0.05769944190979004,
          "micl_no_clip": true,
          "micr_rms": 0.004186413724572046,
          "micr_rms_ok": true,
          "micr_max_abs": 0.20378625392913818,
          "micr_no_clip": true
        },
        "pass": true
      },
      "aggregated": {
        "LDV_MicL": {
          "gamma2_mid_median": 0.2504839878668922,
          "gamma2_low_median": 0.38600899630072355,
          "gamma2_ratio_median": 1.4729585644686607,
          "R2_median": 0.9709492398549904,
          "jump_count_median": 5.0,
          "phase_roughness_median": 0.5061582818775419,
          "tau_fit_ms_median": -6.763440087264708,
          "frac_correct_median": 0.013157894736842105,
          "frac_zero_peak_median": 0.019736842105263157
        },
        "LDV_MicR": {
          "gamma2_mid_median": 0.5445666844068002,
          "gamma2_low_median": 0.2290681882419518,
          "gamma2_ratio_median": 0.4333539333322148,
          "R2_median": 0.9497247822340065,
          "jump_count_median": 5.0,
          "phase_roughness_median": 0.48819031810557373,
          "tau_fit_ms_median": -5.364588846160971,
          "frac_correct_median": 0.019736842105263157,
          "frac_zero_peak_median": 0.05263157894736842
        },
        "MicL_MicR": {
          "gamma2_mid_median": 0.27682668589055337,
          "gamma2_low_median": 0.46160492971315703,
          "gamma2_ratio_median": 1.6137679961198232,
          "R2_median": 0.901199578943068,
          "jump_count_median": 8.0,
          "phase_roughness_median": 0.5226606986488513,
          "tau_fit_ms_median": 3.0201573105939734,
          "frac_correct_median": 0.05263157894736842,
          "frac_zero_peak_median": 0.03289473684210526
        },
        "checkpoint_3": {
          "checkpoint": 3,
          "name": "gamma2_frequency_profile",
          "gamma2_ratio_low_mid": 1.4729585644686607,
          "wall_modal_prediction": false,
          "pass": true
        },
        "checkpoint_4": {
          "checkpoint": 4,
          "name": "phase_behaviour",
          "ldv_micl_jump_count": 5.0,
          "roughness_ratio_ldv_vs_mic": 0.9684261378159615,
          "ldv_micl_R2": 0.9709492398549904,
          "wall_modal_prediction_jumps": false,
          "wall_modal_prediction_roughness": false,
          "wall_modal_prediction_R2": false,
          "pass": true
        }
      }
    },
    "19": {
      "speaker_key": "19",
      "ground_truths": {
        "x_s_true": 0.4,
        "theta_true_deg": 10.709760310799183,
        "tau1_true_ms": 0.7585061238687961,
        "tau2_true_ms": -4.787842619123558,
        "tau3_true_ms": -4.029336495254762,
        "d_ldv": 0.6403124237432849,
        "d_micl": 2.2825424421026654,
        "d_micr": 2.0223748416156684
      },
      "n_segments": 5,
      "segment_centers_sec": [
        122.0,
        348.0,
        353.0,
        392.0,
        538.0
      ],
      "checkpoint_0": {
        "checkpoint": 0,
        "name": "data_sanity",
        "checks": {
          "fs_correct": true,
          "lengths_match": true,
          "ldv_rms": 0.009631177584733829,
          "ldv_rms_ok": true,
          "ldv_max_abs": 0.07918500900268555,
          "ldv_no_clip": true,
          "micl_rms": 0.001799534843466368,
          "micl_rms_ok": true,
          "micl_max_abs": 0.030672907829284668,
          "micl_no_clip": true,
          "micr_rms": 0.003263680954628184,
          "micr_rms_ok": true,
          "micr_max_abs": 0.10182809829711914,
          "micr_no_clip": true
        },
        "pass": true
      },
      "aggregated": {
        "LDV_MicL": {
          "gamma2_mid_median": 0.2574056383182938,
          "gamma2_low_median": 0.44767417488604005,
          "gamma2_ratio_median": 1.7453796186678414,
          "R2_median": 0.9646675975454824,
          "jump_count_median": 7.0,
          "phase_roughness_median": 0.49121406343586294,
          "tau_fit_ms_median": -7.458637205671124,
          "frac_correct_median": 0.013157894736842105,
          "frac_zero_peak_median": 0.019736842105263157
        },
        "LDV_MicR": {
          "gamma2_mid_median": 0.5510460015456655,
          "gamma2_low_median": 0.3352563723514033,
          "gamma2_ratio_median": 0.6365416380683813,
          "R2_median": 0.9510715275647706,
          "jump_count_median": 6.0,
          "phase_roughness_median": 0.4747572101455361,
          "tau_fit_ms_median": -5.4926924949641895,
          "frac_correct_median": 0.019736842105263157,
          "frac_zero_peak_median": 0.05921052631578947
        },
        "MicL_MicR": {
          "gamma2_mid_median": 0.2898833106573056,
          "gamma2_low_median": 0.49729237999319387,
          "gamma2_ratio_median": 1.7082937042602047,
          "R2_median": 0.9276592279958393,
          "jump_count_median": 7.0,
          "phase_roughness_median": 0.5137618611378733,
          "tau_fit_ms_median": 2.411243916691754,
          "frac_correct_median": 0.05921052631578947,
          "frac_zero_peak_median": 0.05263157894736842
        },
        "checkpoint_3": {
          "checkpoint": 3,
          "name": "gamma2_frequency_profile",
          "gamma2_ratio_low_mid": 1.7453796186678414,
          "wall_modal_prediction": false,
          "pass": true
        },
        "checkpoint_4": {
          "checkpoint": 4,
          "name": "phase_behaviour",
          "ldv_micl_jump_count": 7.0,
          "roughness_ratio_ldv_vs_mic": 0.9561123557367941,
          "ldv_micl_R2": 0.9646675975454824,
          "wall_modal_prediction_jumps": false,
          "wall_modal_prediction_roughness": false,
          "wall_modal_prediction_R2": false,
          "pass": true
        }
      }
    },
    "20": {
      "speaker_key": "20",
      "ground_truths": {
        "x_s_true": 0.0,
        "theta_true_deg": 0.0,
        "tau1_true_ms": 0.0,
        "tau2_true_ms": -4.72000586017991,
        "tau3_true_ms": -4.72000586017991,
        "d_ldv": 0.5,
        "d_micl": 2.118962010041709,
        "d_micr": 2.118962010041709
      },
      "n_segments": 5,
      "segment_centers_sec": [
        171.0,
        225.0,
        374.0,
        384.0,
        553.0
      ],
      "checkpoint_0": {
        "checkpoint": 0,
        "name": "data_sanity",
        "checks": {
          "fs_correct": true,
          "lengths_match": true,
          "ldv_rms": 0.014052211480681684,
          "ldv_rms_ok": true,
          "ldv_max_abs": 0.16370069980621338,
          "ldv_no_clip": true,
          "micl_rms": 0.0017742312190927598,
          "micl_rms_ok": true,
          "micl_max_abs": 0.010210156440734863,
          "micl_no_clip": true,
          "micr_rms": 0.0028314185865604283,
          "micr_rms_ok": true,
          "micr_max_abs": 0.015119433403015137,
          "micr_no_clip": true
        },
        "pass": true
      },
      "aggregated": {
        "LDV_MicL": {
          "gamma2_mid_median": 0.22001227246796068,