{
  "generated": "2026-02-14T03:50:32.207293",
  "speaker_id": "19-0.1V",
  "truth_reference": {
    "tau_ref_ms": 0.9146816249912124,
    "theta_ref_deg": 12.949784096599064,
    "label": "chirp 28 mic truth-ref (5s)"
  },
  "geometry_truth": {
    "tau_true_ms": 0.7585061238687961,
    "theta_true_deg": 10.709760310799183
  },
  "counts": {
    "n_candidate_windows": 501,
    "n_speech_windows": 251,
    "n_silence_windows": 6
  },
  "rms_thresholds": {
    "speech_rms_micl_p50": 0.0017609058663052284
  },
  "coupling": {
    "forbidden_band_count": 42
  },
  "method": {
    "baseline": {
      "theta_error_ref_deg": {
        "count": 251,
        "median": 1.691701884389083,
        "p90": 5.104661550344726,
        "p95": 7.17598587604277
      },
      "theta_error_geo_deg": {
        "count": 251,
        "median": 1.06304884594328,
        "p90": 4.320108532526877,
        "p95": 7.580105253506314
      },
      "fail_rate_ref_gt5deg": 0.11952191235059761
    },
    "teacher": {
      "theta_error_ref_deg": {
        "count": 251,
        "median": 0.30052137400287293,
        "p90": 0.9129608700915224,
        "p95": 1.085632423129998
      },
      "theta_error_geo_deg": {
        "count": 251,
        "median": 2.2616775226834935,
        "p90": 2.9242526447980506,
        "p95": 3.153954670906308
      },
      "fail_rate_ref_gt5deg": 0.0
    }
  }
}