{
  "generated": "2026-02-13T23:38:04.012774",
  "speaker_id": "20-0.1V",
  "truth_reference": {
    "tau_ref_ms": 0.22239289589976383,
    "theta_ref_deg": 3.123379435862821,
    "label": "chirp 25 mic truth-ref (5s)"
  },
  "geometry_truth": {
    "tau_true_ms": 0.0,
    "theta_true_deg": 0.0
  },
  "counts": {
    "n_candidate_windows": 501,
    "n_speech_windows": 251,
    "n_silence_windows": 6
  },
  "rms_thresholds": {
    "speech_rms_micl_p50": 0.0017595765068800931
  },
  "coupling": {
    "forbidden_band_count": 42
  },
  "method": {
    "baseline": {
      "theta_error_ref_deg": {
        "count": 251,
        "median": 2.246935779968289,
        "p90": 2.428631291628986,
        "p95": 2.47950211009794
      },
      "theta_error_geo_deg": {
        "count": 251,
        "median": 0.8764436558945317,
        "p90": 1.0603231098563761,
        "p95": 1.1172637446297773
      },
      "fail_rate_ref_gt5deg": 0.0
    },
    "teacher": {
      "theta_error_ref_deg": {
        "count": 251,
        "median": 0.2515815860234496,
        "p90": 0.6818026096569305,
        "p95": 0.88142614606908
      },
      "theta_error_geo_deg": {
        "count": 251,
        "median": 3.194057265513903,
        "p90": 3.7103608805872694,
        "p95": 3.93291452446038
      },
      "fail_rate_ref_gt5deg": 0.0
    }
  }
}