{
  "generated": "2026-02-14T03:14:40.405045",
  "speaker_id": "18-0.1V",
  "truth_reference": {
    "tau_ref_ms": 1.585930191304251,
    "theta_ref_deg": 22.864486344008302,
    "label": "chirp 29 mic truth-ref (5s)"
  },
  "geometry_truth": {
    "tau_true_ms": 1.450441867492482,
    "theta_true_deg": 20.815402749359603
  },
  "counts": {
    "n_candidate_windows": 501,
    "n_speech_windows": 251,
    "n_silence_windows": 6
  },
  "rms_thresholds": {
    "speech_rms_micl_p50": 0.0016546248325103221
  },
  "coupling": {
    "forbidden_band_count": 39
  },
  "method": {
    "baseline": {
      "theta_error_ref_deg": {
        "count": 251,
        "median": 2.604965248712034,
        "p90": 5.563443430864755,
        "p95": 6.357636571457071
      },
      "theta_error_geo_deg": {
        "count": 251,
        "median": 2.4788925850819297,
        "p90": 6.794894290803043,
        "p95": 7.306919329499083
      },
      "fail_rate_ref_gt5deg": 0.14342629482071714
    },
    "teacher": {
      "theta_error_ref_deg": {
        "count": 251,
        "median": 0.344048667096974,
        "p90": 0.9626465994946543,
        "p95": 1.47044321240271
      },
      "theta_error_geo_deg": {
        "count": 251,
        "median": 1.9797437594880734,
        "p90": 2.763369275028616,
        "p95": 2.9505006845207884
      },
      "fail_rate_ref_gt5deg": 0.0
    }
  }
}