{
  "generated": "2026-02-14T18:42:59.592268",
  "speaker_id": "20-0.1V",
  "truth_reference": {
    "tau_ref_ms": 0.22239289589976383,
    "theta_ref_deg": 3.123379435862821,
    "label": "chirp 25 mic truth-ref (5s)"
  },
  "geometry_truth": {
    "tau_true_ms": 0.0,
    "theta_true_deg": 0.0
  },
  "counts": {
    "n_candidate_windows": 501,
    "n_speech_windows": 251,
    "n_silence_windows": 6
  },
  "rms_thresholds": {
    "speech_rms_micl_p50": 0.0017595765068800931
  },
  "coupling": {
    "coupling_mode": "mic_only",
    "coupling_hard_forbid_enable": false,
    "forbidden_band_count_static_effective": 0,
    "dynamic_coh_gate_enable": true,
    "dynamic_coh_min": 0.05,
    "tau_ref_gate_enable": false,
    "tau_ref_gate_ratio_min": 0.6,
    "forbidden_dyn_count_speech_windows": {
      "min": 0,
      "median": 11.0,
      "p90": 16.0,
      "max": 21
    },
    "forbidden_tau_ref_count_speech_windows": {
      "min": 0,
      "median": 0.0,
      "p90": 0.0,
      "max": 0
    }
  },
  "method": {
    "baseline": {
      "theta_error_ref_deg": {
        "count": 251,
        "median": 3.1668046276112527,
        "p90": 3.2625867444519865,
        "p95": 3.289910401387038
      },
      "theta_error_geo_deg": {
        "count": 251,
        "median": 0.07319770922453164,
        "p90": 0.1447231978627225,
        "p95": 0.17264474123285906
      },
      "fail_rate_ref_gt5deg": 0.0
    },
    "teacher": {
      "theta_error_ref_deg": {
        "count": 251,
        "median": 0.5347365035255791,
        "p90": 3.126215488264659,
        "p95": 3.1898636976592987
      },
      "theta_error_geo_deg": {
        "count": 251,
        "median": 3.2987824080918395,
        "p90": 3.9570743406935502,
        "p95": 4.066181591574232
      },
      "fail_rate_ref_gt5deg": 0.0
    }
  }
}