{
  "condition": "no_dtmin",
  "cc": {
    "tau_ms_count": 20,
    "tau_ms_mean": -358.4,
    "tau_ms_std": 316.8404014642072,
    "tau_ms_median": -248.0,
    "tau_ms_p10": -550.4,
    "tau_ms_p90": -160.0,
    "psr_count": 20,
    "psr_mean": 6.776845439416578,
    "psr_std": 1.9630353764383963,
    "psr_median": 6.640404425271958,
    "psr_p10": 4.485899157297014,
    "psr_p90": 8.965905427914358
  },
  "ncc": {
    "tau_ms_count": 20,
    "tau_ms_mean": -358.4,
    "tau_ms_std": 316.8404014642072,
    "tau_ms_median": -248.0,
    "tau_ms_p10": -550.4,
    "tau_ms_p90": -160.0,
    "psr_count": 20,
    "psr_mean": 6.776845439416576,
    "psr_std": 1.9630353764383937,
    "psr_median": 6.640404425271958,
    "psr_p10": 4.4858991572970215,
    "psr_p90": 8.965905427914352
  },
  "gcc_phat": {
    "tau_ms_count": 20,
    "tau_ms_mean": -903.2,
    "tau_ms_std": 93.63418179276199,
    "tau_ms_median": -928.0,
    "tau_ms_p10": -928.0,
    "tau_ms_p90": -912.0,
    "psr_count": 20,
    "psr_mean": 12.650271343353484,
    "psr_std": 1.0362852609926412,
    "psr_median": 12.577625849559237,
    "psr_p10": 11.379958812060877,
    "psr_p90": 14.002728405382749
  },
  "music": {
    "tau_ms_count": 20,
    "tau_ms_mean": -0.07301976839604078,
    "tau_ms_std": 0.052486746673374184,
    "tau_ms_median": -0.08140328703076549,
    "tau_ms_p10": -0.14019360189116528,
    "tau_ms_p90": 0.0002544082571032618,
    "psr_count": 20,
    "psr_mean": 331.7044030056605,
    "psr_std": 873.3509977218988,
    "psr_median": 19.357598873395453,
    "psr_p10": 3.3467438894815635,
    "psr_p90": 1208.1872665519932,
    "snr_db_count": 20,
    "snr_db_mean": 16.10584019171784,
    "snr_db_std": 0.4886377015157083,
    "snr_db_median": 16.011802683987582,
    "snr_db_p10": 15.385495987071739,
    "snr_db_p90": 16.723274379078916,
    "doa_deg_count": 20,
    "doa_deg_mean": -34.45,
    "doa_deg_std": 27.277234097320058,
    "doa_deg_median": -34.0,
    "doa_deg_p10": -74.1,
    "doa_deg_p90": 0.10000000000000142
  }
}