{
  "condition": "with_dtmin",
  "cc": {
    "tau_ms_count": 20,
    "tau_ms_mean": 0.0,
    "tau_ms_std": 0.0,
    "tau_ms_median": 0.0,
    "tau_ms_p10": 0.0,
    "tau_ms_p90": 0.0,
    "psr_count": 20,
    "psr_mean": 9.698788813975353,
    "psr_std": 2.5230243660014144,
    "psr_median": 8.910088696907131,
    "psr_p10": 6.749647333308129,
    "psr_p90": 12.79149182721073
  },
  "ncc": {
    "tau_ms_count": 20,
    "tau_ms_mean": 0.0,
    "tau_ms_std": 0.0,
    "tau_ms_median": 0.0,
    "tau_ms_p10": 0.0,
    "tau_ms_p90": 0.0,
    "psr_count": 20,
    "psr_mean": 9.698788813975352,
    "psr_std": 2.523024366001416,
    "psr_median": 8.910088696907142,
    "psr_p10": 6.749647333308135,
    "psr_p90": 12.791491827210749
  },
  "gcc_phat": {
    "tau_ms_count": 20,
    "tau_ms_mean": 0.0,
    "tau_ms_std": 0.0,
    "tau_ms_median": 0.0,
    "tau_ms_p10": 0.0,
    "tau_ms_p90": 0.0,
    "psr_count": 20,
    "psr_mean": 33.77889431864851,
    "psr_std": 2.3759837182505277,
    "psr_median": 33.87595973586842,
    "psr_p10": 30.620261098888083,
    "psr_p90": 36.399299577990234
  },
  "music": {
    "tau_ms_count": 20,
    "tau_ms_mean": -0.009615782609918803,
    "tau_ms_std": 0.027307572424242994,
    "tau_ms_median": 0.0,
    "tau_ms_p10": -0.02371959915534258,
    "tau_ms_p90": 0.0002544082571032618,
    "psr_count": 20,
    "psr_mean": 464.2848415475898,
    "psr_std": 1084.8990022353858,
    "psr_median": 55.379127548488285,
    "psr_p10": 10.658903570760613,
    "psr_p90": 956.2775107293836,
    "snr_db_count": 20,
    "snr_db_mean": 16.105840191717824,
    "snr_db_std": 0.48863770151570407,
    "snr_db_median": 16.01180268398752,
    "snr_db_p10": 15.385495987071748,
    "snr_db_p90": 16.72327437907895,
    "doa_deg_count": 20,
    "doa_deg_mean": -4.15,
    "doa_deg_std": 12.113112729600102,
    "doa_deg_median": 0.0,
    "doa_deg_p10": -9.399999999999999,
    "doa_deg_p90": 0.10000000000000142
  },
  "dtmin_tau_f_mean_ms": 0.0002949294268201046,
  "dtmin_tau_f_std_ms": 0.0021987107959506444
}