{
  "generated": "2026-02-14T18:52:56.855533",
  "speaker_id": "18-0.1V",
  "truth_reference": {
    "tau_ref_ms": 1.585930191304251,
    "theta_ref_deg": 22.864486344008302,
    "label": "chirp 29 mic truth-ref (5s)"
  },
  "geometry_truth": {
    "tau_true_ms": 1.450441867492482,
    "theta_true_deg": 20.815402749359603
  },
  "counts": {
    "n_candidate_windows": 501,
    "n_speech_windows": 251,
    "n_silence_windows": 6
  },
  "rms_thresholds": {
    "speech_rms_micl_p50": 0.0016546248325103221
  },
  "coupling": {
    "coupling_mode": "mic_only",
    "coupling_hard_forbid_enable": false,
    "forbidden_band_count_static_effective": 0,
    "dynamic_coh_gate_enable": true,
    "dynamic_coh_min": 0.05,
    "tau_ref_gate_enable": false,
    "tau_ref_gate_ratio_min": 0.6,
    "forbidden_dyn_count_speech_windows": {
      "min": 0,
      "median": 0.0,
      "p90": 0.0,
      "max": 0
    },
    "forbidden_tau_ref_count_speech_windows": {
      "min": 0,
      "median": 0.0,
      "p90": 0.0,
      "max": 0
    }
  },
  "method": {
    "baseline": {
      "theta_error_ref_deg": {
        "count": 251,
        "median": 0.3124744084179021,
        "p90": 0.389559837509065,
        "p95": 0.40757653498250335
      },
      "theta_error_geo_deg": {
        "count": 251,
        "median": 2.3615580030666017,
        "p90": 2.4386434321577646,
        "p95": 2.456660129631203
      },
      "fail_rate_ref_gt5deg": 0.0
    },
    "teacher": {
      "theta_error_ref_deg": {
        "count": 251,
        "median": 0.023496583499245105,
        "p90": 0.06579084374416055,
        "p95": 0.08126925335024815
      },
      "theta_error_geo_deg": {
        "count": 251,
        "median": 2.039738539212209,
        "p90": 2.076541388559697,
        "p95": 2.097956920564412
      },
      "fail_rate_ref_gt5deg": 0.0
    }
  }
}