{
  "generated": "2026-02-14T04:04:45.535602",
  "run_dir": "/home/sbplab/jiawei/data-worktrees/exp-tdoa-cross-correlation/results/claim2_irreducible_occlusion_20260214_005000/snr_m5_occ_tilt2_micr/student_mic_only",
  "acceptance": {
    "p95_improvement_frac_ge_0p15": true,
    "fail_rate_improvement_frac_ge_0p20": true,
    "median_not_worse_frac_le_0p05": true,
    "overall_pass": true,
    "computed": {
      "p95_improvement_frac": 0.4225521911048388,
      "fail_rate_improvement_frac": 0.6352941176446821,
      "median_worsening_frac": -0.010754105275085923
    }
  },
  "corruption": {
    "use_traj_corruption": true,
    "config": {
      "snr_db": -5.0,
      "band_lo_hz": 500.0,
      "band_hi_hz": 2000.0,
      "preclip_gain": 100.0,
      "clip_limit": 0.99,
      "seed": 1337
    },
    "snr_achieved_db_preclip_test": {
      "micl_median": -4.99999999998362,
      "micr_median": -6.983847110863886
    },
    "clip_frac_test": {
      "micl_mean": 0.0017687631027253669,
      "micr_mean": 0.006792518343815513
    }
  },
  "pooled": {
    "baseline": {
      "theta_error_ref_deg": {
        "count": 318,
        "median": 2.8279992717492064,
        "p90": 6.916171804518394,
        "p95": 9.721082066898788
      },
      "theta_error_geo_deg": {
        "count": 318,
        "median": 3.561512363511911,
        "p90": 7.293277184035687,
        "p95": 8.694480269779945
      },
      "fail_rate_ref_gt5deg": 0.2672955974842767
    },
    "student": {
      "theta_error_ref_deg": {
        "count": 318,
        "median": 2.7975866698629384,
        "p90": 4.938390616158459,
        "p95": 5.613417539620327
      },
      "theta_error_geo_deg": {
        "count": 318,
        "median": 2.7685648818919386,
        "p90": 6.441397050931064,
        "p95": 7.073204938914775
      },
      "fail_rate_ref_gt5deg": 0.09748427672955975
    }
  }
}