{
  "generated": "2026-02-13T16:56:45.941648",
  "speaker_id": "21-0.1V",
  "truth_reference": {
    "tau_ref_ms": -0.6354575282303851,
    "theta_ref_deg": -8.956647639640721,
    "label": "chirp 24 mic truth-ref (5s)"
  },
  "geometry_truth": {
    "tau_true_ms": -0.7585061238687961,
    "theta_true_deg": -10.709760310799183
  },
  "counts": {
    "n_candidate_windows": 501,
    "n_speech_windows": 251,
    "n_silence_windows": 6
  },
  "rms_thresholds": {
    "speech_rms_micl_p50": 0.0017280344740161387
  },
  "method": {
    "baseline": {
      "theta_error_ref_deg": {
        "count": 251,
        "median": 1.1140595170020626,
        "p90": 1.2100894367096027,
        "p95": 1.233670630747314
      },
      "theta_error_geo_deg": {
        "count": 251,
        "median": 2.8671721881605245,
        "p90": 2.9632021078680646,
        "p95": 2.986783301905776
      },
      "fail_rate_ref_gt5deg": 0.0
    },
    "teacher": {
      "theta_error_ref_deg": {
        "count": 251,
        "median": 7.185819907946154,
        "p90": 8.580129477671736,
        "p95": 9.16972713635423
      },
      "theta_error_geo_deg": {
        "count": 251,
        "median": 5.432707236787692,
        "p90": 6.827016806513274,
        "p95": 7.416614465195767
      },
      "fail_rate_ref_gt5deg": 0.9920318725099602
    }
  }
}