{
  "generated": "2026-02-14T18:45:57.459048",
  "speaker_id": "19-0.1V",
  "truth_reference": {
    "tau_ref_ms": 0.9146816249912124,
    "theta_ref_deg": 12.949784096599064,
    "label": "chirp 28 mic truth-ref (5s)"
  },
  "geometry_truth": {
    "tau_true_ms": 0.7585061238687961,
    "theta_true_deg": 10.709760310799183
  },
  "counts": {
    "n_candidate_windows": 501,
    "n_speech_windows": 251,
    "n_silence_windows": 6
  },
  "rms_thresholds": {
    "speech_rms_micl_p50": 0.0017609058663052284
  },
  "coupling": {
    "coupling_mode": "mic_only",
    "coupling_hard_forbid_enable": false,
    "forbidden_band_count_static_effective": 0,
    "dynamic_coh_gate_enable": true,
    "dynamic_coh_min": 0.05,
    "tau_ref_gate_enable": false,
    "tau_ref_gate_ratio_min": 0.6,
    "forbidden_dyn_count_speech_windows": {
      "min": 0,
      "median": 0.0,
      "p90": 1.0,
      "max": 3
    },
    "forbidden_tau_ref_count_speech_windows": {
      "min": 0,
      "median": 0.0,
      "p90": 0.0,
      "max": 0
    }
  },
  "method": {
    "baseline": {
      "theta_error_ref_deg": {
        "count": 251,
        "median": 0.9347361166417762,
        "p90": 1.0568980122432468,
        "p95": 1.09676482915064
      },
      "theta_error_geo_deg": {
        "count": 251,
        "median": 1.305758618171886,
        "p90": 1.4201972106468386,
        "p95": 1.461219286475088
      },
      "fail_rate_ref_gt5deg": 0.0
    },
    "teacher": {
      "theta_error_ref_deg": {
        "count": 251,
        "median": 0.10193902485251272,
        "p90": 0.367596364468298,
        "p95": 0.5962670460647779
      },
      "theta_error_geo_deg": {
        "count": 251,
        "median": 2.231162491932869,
        "p90": 2.50345170466902,
        "p95": 2.674489697785977
      },
      "fail_rate_ref_gt5deg": 0.0
    }
  }
}