{
  "generated": "2026-02-14T18:35:53.251322",
  "speaker_id": "20-0.1V",
  "truth_reference": {
    "tau_ref_ms": 0.22239289589976383,
    "theta_ref_deg": 3.123379435862821,
    "label": "chirp 25 mic truth-ref (5s)"
  },
  "geometry_truth": {
    "tau_true_ms": 0.0,
    "theta_true_deg": 0.0
  },
  "counts": {
    "n_candidate_windows": 11,
    "n_speech_windows": 6,
    "n_silence_windows": 3
  },
  "rms_thresholds": {
    "speech_rms_micl_p50": 0.0017822331656328968
  },
  "coupling": {
    "coupling_mode": "mic_only",
    "coupling_hard_forbid_enable": false,
    "forbidden_band_count_static_effective": 0,
    "dynamic_coh_gate_enable": true,
    "dynamic_coh_min": 0.05,
    "tau_ref_gate_enable": false,
    "tau_ref_gate_ratio_min": 0.6,
    "forbidden_dyn_count_speech_windows": {
      "min": 7,
      "median": 25.5,
      "p90": 44.5,
      "max": 52
    },
    "forbidden_tau_ref_count_speech_windows": {
      "min": 0,
      "median": 0.0,
      "p90": 0.0,
      "max": 0
    }
  },
  "method": {
    "baseline": {
      "theta_error_ref_deg": {
        "count": 6,
        "median": 3.0571745836883615,
        "p90": 3.4597383610833257,
        "p95": 3.4923814599175342
      },
      "theta_error_geo_deg": {
        "count": 6,
        "median": 0.463641075237034,
        "p90": 3.546433459064252,
        "p95": 5.03213252917099
      },
      "fail_rate_ref_gt5deg": 0.0
    },
    "teacher": {
      "theta_error_ref_deg": {
        "count": 6,
        "median": 0.3128159468127387,
        "p90": 0.6796154759097828,
        "p95": 0.8164998214822445
      },
      "theta_error_geo_deg": {
        "count": 6,
        "median": 3.4361953826755594,
        "p90": 3.8029949117726036,
        "p95": 3.9398792573450656
      },
      "fail_rate_ref_gt5deg": 0.0
    }
  }
}