{
  "generated": "2026-02-14T03:31:03.419713",
  "run_dir": "/home/sbplab/jiawei/data-worktrees/exp-tdoa-cross-correlation/results/claim2_irreducible_occlusion_20260214_005000/snr_p0_occ_lp600_micr/student_mic_only",
  "acceptance": {
    "p95_improvement_frac_ge_0p15": true,
    "fail_rate_improvement_frac_ge_0p20": true,
    "median_not_worse_frac_le_0p05": true,
    "overall_pass": true,
    "computed": {
      "p95_improvement_frac": 0.24944073615047063,
      "fail_rate_improvement_frac": 0.6891891891862276,
      "median_worsening_frac": -0.2121317865940988
    }
  },
  "corruption": {
    "use_traj_corruption": true,
    "config": {
      "snr_db": 0.0,
      "band_lo_hz": 500.0,
      "band_hi_hz": 2000.0,
      "preclip_gain": 100.0,
      "clip_limit": 0.99,
      "seed": 1337
    },
    "snr_achieved_db_preclip_test": {
      "micl_median": 3.6644443729024755e-14,
      "micr_median": -14.346373385461144
    },
    "clip_frac_test": {
      "micl_mean": 0.0016959119496855347,
      "micr_mean": 0.006144365828092243
    }
  },
  "pooled": {
    "baseline": {
      "theta_error_ref_deg": {
        "count": 318,
        "median": 2.949909920759569,
        "p90": 5.9933369082743075,
        "p95": 6.961280635694469
      },
      "theta_error_geo_deg": {
        "count": 318,
        "median": 3.156127781688139,
        "p90": 7.215438893723257,
        "p95": 8.102899254549289
      },
      "fail_rate_ref_gt5deg": 0.23270440251572327
    },
    "student": {
      "theta_error_ref_deg": {
        "count": 318,
        "median": 2.324140258976973,
        "p90": 4.663939737193843,
        "p95": 5.224853669376575
      },
      "theta_error_geo_deg": {
        "count": 318,
        "median": 2.8088578804739086,
        "p90": 6.25594269302563,
        "p95": 6.864440932981157
      },
      "fail_rate_ref_gt5deg": 0.07232704402515723
    }
  }
}