{
  "generated": "2026-02-14T03:06:14.637878",
  "speaker_id": "18-0.1V",
  "truth_reference": {
    "tau_ref_ms": 1.585930191304251,
    "theta_ref_deg": 22.864486344008302,
    "label": "chirp 29 mic truth-ref (5s)"
  },
  "geometry_truth": {
    "tau_true_ms": 1.450441867492482,
    "theta_true_deg": 20.815402749359603
  },
  "counts": {
    "n_candidate_windows": 501,
    "n_speech_windows": 251,
    "n_silence_windows": 6
  },
  "rms_thresholds": {
    "speech_rms_micl_p50": 0.0016546248325103221
  },
  "coupling": {
    "forbidden_band_count": 39
  },
  "method": {
    "baseline": {
      "theta_error_ref_deg": {
        "count": 251,
        "median": 3.200962579347607,
        "p90": 6.096939195561454,
        "p95": 7.228900598541202
      },
      "theta_error_geo_deg": {
        "count": 251,
        "median": 2.98102786974869,
        "p90": 6.876866292299166,
        "p95": 7.553238605587543
      },
      "fail_rate_ref_gt5deg": 0.24701195219123506
    },
    "teacher": {
      "theta_error_ref_deg": {
        "count": 251,
        "median": 0.3169368135137489,
        "p90": 1.0760687840892125,
        "p95": 1.3201471274079921
      },
      "theta_error_geo_deg": {
        "count": 251,
        "median": 2.025250094070337,
        "p90": 2.8083135688022764,
        "p95": 3.063792199093868
      },
      "fail_rate_ref_gt5deg": 0.0
    }
  }
}