{
  "generated": "2026-02-14T11:40:26.806608",
  "run_dir": "/home/sbplab/jiawei/data-worktrees/exp-tdoa-cross-correlation/results/claim2_micobs_ablation_20260214_112341/student/mic_only_psd_only",
  "acceptance": {
    "p95_improvement_frac_ge_0p15": true,
    "fail_rate_improvement_frac_ge_0p20": true,
    "median_not_worse_frac_le_0p05": true,
    "overall_pass": true,
    "computed": {
      "p95_improvement_frac": 0.514784827470303,
      "fail_rate_improvement_frac": 0.8749999999980678,
      "median_worsening_frac": -0.5050033839173304
    }
  },
  "corruption": {
    "use_traj_corruption": true,
    "config": {
      "snr_db": 0.0,
      "band_lo_hz": 500.0,
      "band_hi_hz": 2000.0,
      "preclip_gain": 100.0,
      "clip_limit": 0.99,
      "seed": 1337
    },
    "snr_achieved_db_preclip_test": {
      "micl_median": 3.6644443729024755e-14,
      "micr_median": -5.001490332814589
    },
    "clip_frac_test": {
      "micl_mean": 0.0016959119496855347,
      "micr_mean": 0.006201585429769391
    }
  },
  "pooled": {
    "baseline": {
      "theta_error_ref_deg": {
        "count": 318,
        "median": 4.834958856419766,
        "p90": 6.919111942689123,
        "p95": 10.606212431335203
      },
      "theta_error_geo_deg": {
        "count": 318,
        "median": 3.729781723480831,
        "p90": 7.9242921526418,
        "p95": 9.046943690883202
      },
      "fail_rate_ref_gt5deg": 0.4528301886792453
    },
    "student": {
      "theta_error_ref_deg": {
        "count": 318,
        "median": 2.3932882728262133,
        "p90": 4.474063043433438,
        "p95": 5.146295194756413
      },
      "theta_error_geo_deg": {
        "count": 318,
        "median": 2.5876654603730183,
        "p90": 6.451049816492854,
        "p95": 7.236742279451012
      },
      "fail_rate_ref_gt5deg": 0.05660377358490566
    }
  }
}