{
  "generated": "2026-02-13T23:28:55.855160",
  "run_dir": "/home/sbplab/jiawei/data-worktrees/exp-tdoa-cross-correlation/results/claim2_irreducible_miclocal_20260213_232300/snr_p20/compare",
  "inputs": {
    "run_a": "/home/sbplab/jiawei/data-worktrees/exp-tdoa-cross-correlation/results/claim2_irreducible_miclocal_20260213_232300/snr_p20/student_ldv_mic",
    "run_b": "/home/sbplab/jiawei/data-worktrees/exp-tdoa-cross-correlation/results/claim2_irreducible_miclocal_20260213_232300/snr_p20/student_mic_only",
    "sha256": {
      "run_a/test_windows.jsonl": "7d46b23e4f99d08645fba22ba6973c48aedc4e6a83968b2b1fe796fb6b3b263c",
      "run_b/test_windows.jsonl": "50d4e9a83ace9a295e1de465a9a586403920f9c69d5141c95065dc1f77641e4b"
    }
  },
  "pooled": {
    "run_a": {
      "count": 318,
      "median": 0.9066942356495193,
      "p90": 4.055205529511518,
      "p95": 4.422026853490098,
      "fail_rate_gt5deg": 0.006289308176100629
    },
    "run_b": {
      "count": 318,
      "median": 1.4221323132340649,
      "p90": 3.983188782075105,
      "p95": 4.333594389159858,
      "fail_rate_gt5deg": 0.0
    }
  },
  "per_speaker": {
    "18-0.1V": {
      "run_a": {
        "count": 78,
        "median": 0.7858389142715119,
        "p90": 4.364689894004182,
        "p95": 4.610466485224083,
        "fail_rate_gt5deg": 0.01282051282051282
      },
      "run_b": {
        "count": 78,
        "median": 2.326912331962278,
        "p90": 4.109086560937408,
        "p95": 4.406230886131433,
        "fail_rate_gt5deg": 0.0
      }
    },
    "19-0.1V": {
      "run_a": {
        "count": 53,
        "median": 2.640978232845063,
        "p90": 3.376023011194681,
        "p95": 3.694269717115685,
        "fail_rate_gt5deg": 0.0
      },
      "run_b": {
        "count": 53,
        "median": 2.732347152643383,
        "p90": 3.366512297449064,
        "p95": 3.5578462518832783,
        "fail_rate_gt5deg": 0.0
      }
    },
    "20-0.1V": {
      "run_a": {
        "count": 49,
        "median": 0.697229324668077,
        "p90": 4.140900011442132,
        "p95": 4.278647800025116,
        "fail_rate_gt5deg": 0.0
      },
      "run_b": {
        "count": 49,
        "median": 0.6422108630560062,
        "p90": 4.0473333782701,
        "p95": 4.090766983407404,
        "fail_rate_gt5deg": 0.0
      }
    },
    "21-0.1V": {
      "run_a": {
        "count": 63,
        "median": 1.159044239573448,
        "p90": 4.364718132956732,
        "p95": 4.484163406974973,
        "fail_rate_gt5deg": 0.015873015873015872
      },
      "run_b": {
        "count": 63,
        "median": 1.0920615976723562,
        "p90": 4.283899553071666,
        "p95": 4.407031290104753,
        "fail_rate_gt5deg": 0.0
      }
    },
    "22-0.1V": {
      "run_a": {
        "count": 75,
        "median": 0.3292647888595255,
        "p90": 2.2646696751679487,
        "p95": 2.6910180882778088,
        "fail_rate_gt5deg": 0.0
      },
      "run_b": {
        "count": 75,
        "median": 0.49603077397042483,
        "p90": 3.138355938232294,
        "p95": 3.873247111303404,
        "fail_rate_gt5deg": 0.0
      }
    }
  },
  "acceptance": {
    "p95_ldv_mic_better_by_ge_10pct": false,
    "fail_rate_ldv_mic_better_by_ge_20pct": false,
    "overall_pass": false,
    "computed": {
      "p95_improvement_frac": -0.02040626242073944,
      "fail_rate_improvement_frac": NaN
    }
  },
  "teacher_actions_check": {
    "teacher_a": "/home/sbplab/jiawei/data-worktrees/exp-tdoa-cross-correlation/results/claim2_irreducible_miclocal_20260213_232300/snr_p20/teacher_ldv_mic/teacher_trajectories.npz",
    "teacher_b": "/home/sbplab/jiawei/data-worktrees/exp-tdoa-cross-correlation/results/claim2_irreducible_miclocal_20260213_232300/snr_p20/teacher_mic_only/teacher_trajectories.npz",
    "actions_identical": true,
    "diff_count": 0
  }
}