{
  "generated": "2026-02-14T03:20:15.229579",
  "run_dir": "/home/sbplab/jiawei/data-worktrees/exp-tdoa-cross-correlation/results/claim2_irreducible_occlusion_20260214_005000/snr_m10_occ_lp800_micr/student_ldv_mic",
  "acceptance": {
    "p95_improvement_frac_ge_0p15": true,
    "fail_rate_improvement_frac_ge_0p20": true,
    "median_not_worse_frac_le_0p05": true,
    "overall_pass": true,
    "computed": {
      "p95_improvement_frac": 0.24228299295262243,
      "fail_rate_improvement_frac": 0.6714285714255213,
      "median_worsening_frac": -0.20220595833862828
    }
  },
  "corruption": {
    "use_traj_corruption": true,
    "config": {
      "snr_db": -10.0,
      "band_lo_hz": 500.0,
      "band_hi_hz": 2000.0,
      "preclip_gain": 100.0,
      "clip_limit": 0.99,
      "seed": 1337
    },
    "snr_achieved_db_preclip_test": {
      "micl_median": -9.999999999943139,
      "micr_median": -15.001490332680495
    },
    "clip_frac_test": {
      "micl_mean": 0.0043848794549266245,
      "micr_mean": 0.00919735324947589
    }
  },
  "pooled": {
    "baseline": {
      "theta_error_ref_deg": {
        "count": 318,
        "median": 3.2322533362472896,
        "p90": 5.959474873858713,
        "p95": 7.266465419588113
      },
      "theta_error_geo_deg": {
        "count": 318,
        "median": 3.6254331487550315,
        "p90": 7.199824468256683,
        "p95": 8.046839996561735
      },
      "fail_rate_ref_gt5deg": 0.22012578616352202
    },
    "student": {
      "theta_error_ref_deg": {
        "count": 318,
        "median": 2.5786724527979756,
        "p90": 4.65481211085131,
        "p95": 5.505924429543329
      },
      "theta_error_geo_deg": {
        "count": 318,
        "median": 2.6019778547198147,
        "p90": 6.1799519649181205,
        "p95": 6.740770250542851
      },
      "fail_rate_ref_gt5deg": 0.07232704402515723
    }
  }
}