{
  "generated": "2026-02-13T23:46:06.180391",
  "speaker_id": "20-0.1V",
  "truth_reference": {
    "tau_ref_ms": 0.22239289589976383,
    "theta_ref_deg": 3.123379435862821,
    "label": "chirp 25 mic truth-ref (5s)"
  },
  "geometry_truth": {
    "tau_true_ms": 0.0,
    "theta_true_deg": 0.0
  },
  "counts": {
    "n_candidate_windows": 501,
    "n_speech_windows": 251,
    "n_silence_windows": 6
  },
  "rms_thresholds": {
    "speech_rms_micl_p50": 0.0017595765068800931
  },
  "coupling": {
    "forbidden_band_count": 42
  },
  "method": {
    "baseline": {
      "theta_error_ref_deg": {
        "count": 251,
        "median": 2.247851022034178,
        "p90": 2.501664508255577,
        "p95": 2.562343747678941
      },
      "theta_error_geo_deg": {
        "count": 251,
        "median": 0.8755284138286428,
        "p90": 1.1781988533733343,
        "p95": 1.2565565264798852
      },
      "fail_rate_ref_gt5deg": 0.0
    },
    "teacher": {
      "theta_error_ref_deg": {
        "count": 251,
        "median": 0.27971109321191223,
        "p90": 0.7515975435015965,
        "p95": 0.9644000333637437
      },
      "theta_error_geo_deg": {
        "count": 251,
        "median": 3.2021536802682924,
        "p90": 3.744880130193247,
        "p95": 4.079749850536874
      },
      "fail_rate_ref_gt5deg": 0.0
    }
  }
}