{
  "music": {
    "doa_deg": {
      "count": 5,
      "mean": -28.6,
      "std": 30.910192493739018,
      "median": -20.0,
      "p10": -63.8,
      "p90": -0.9999999999999982
    },
    "tau_ms": {
      "count": 5,
      "mean": -0.05746984888015559,
      "std": 0.053699459715255665,
      "median": -0.04985716375009748,
      "p10": -0.11802981407410049,
      "p90": -0.002457553308229953
    },
    "snr_eigen_db": {
      "count": 5,
      "mean": 13.334336263434148,
      "std": 4.176759907404983,
      "median": 16.129922649055302,
      "p10": 8.109650832018918,
      "p90": 17.008033918507248
    },
    "spectrum_psr": {
      "count": 5,
      "mean": 1264.5067626143868,
      "std": 2467.9748763762773,
      "median": 21.65671171879472,
      "p10": 4.040739868697346,
      "p90": 3756.7632499703996
    }
  },
  "gcc_phat": {
    "tau_ms": {
      "count": 5,
      "mean": 0.0,
      "std": 0.0,
      "median": 0.0,
      "p10": 0.0,
      "p90": 0.0
    }
  },
  "music_vs_gcc_phat": {
    "abs_diff_ms_mean": 0.06457593304372104,
    "abs_diff_ms_median": 0.04985716375009748,
    "correlation": NaN
  },
  "config": {
    "fs": 16000,
    "hop_length": 8000,
    "n_fft": 1024,
    "spacing_m": 0.05,
    "c": 343.0,
    "freq_min": 300.0,
    "freq_max": 3000.0,
    "angle_min": -90.0,
    "angle_max": 90.0,
    "angle_step": 1.0,
    "seed": 42
  },
  "num_pairs": 1,
  "total_windows": 5
}