{
  "speaker_id": "18-0.1V",
  "signal_pair": "ldv_micl",
  "pair_description": "LDV aligned to MicL (OMP) paired with MicR",
  "ground_truth": {
    "tau_true_ms": 1.450441867492482,
    "theta_true_deg": 20.815402749359603,
    "d_left": 2.5,
    "d_right": 2.0024984394500787,
    "speaker_pos": [
      0.8,
      0.0
    ]
  },
  "truth_reference": {
    "mode": "override",
    "label": "chirp 29 mic truth-ref (5s)",
    "tau_ref_ms": 1.585930191304251,
    "theta_ref_deg": 22.864486344008302
  },
  "n_segments": 5,
  "segment_mode": "scan",
  "scan_summary": {
    "n_scanned": 501,
    "n_candidates": 501,
    "n_filtered": 498,
    "n_selected": 5,
    "scan_sort_by": "tau_err",
    "scan_psr_min_db": -20.0,
    "scan_tau_err_max_ms": 2.0,
    "scan_ldv_micl_psr_min_db": null
  },
  "segment_centers_sec": [
    337.0,
    442.0,
    493.0,
    277.0,
    560.0
  ],
  "ldv_prealign": "gcc_phat",
  "config": {
    "fs": 48000,
    "n_fft": 6144,
    "hop_length": 160,
    "max_lag": 50,
    "max_k": 3,
    "tw": 64,
    "freq_min": 100,
    "freq_max": 8000,
    "gcc_max_lag_ms": 10.0,
    "gcc_bandpass_low": 0.0,
    "gcc_bandpass_high": 0.0,
    "psr_exclude_samples": 50,
    "gcc_guided_peak_radius_ms": 0.3,
    "analysis_slice_sec": 5.0,
    "eval_window_sec": 5.0,
    "segment_spacing_sec": 50.0,
    "segment_offset_sec": 100.0,
    "ldv_prealign": "gcc_phat",
    "speed_of_sound": 343.0,
    "mic_spacing": 1.4
  },
  "result": {
    "tau_median_ms": 1.4743145725640785,
    "theta_median_deg": 21.174344857018394,
    "theta_error_median_deg": 1.6901414869899085,
    "psr_median_db": -7.114453113165507,
    "per_segment": [
      {
        "tau_ms": 1.4743145725640785,
        "psr_db": -6.517912563626967,
        "theta_deg": 21.174344857018394,
        "theta_error_deg": 1.6901414869899085,
        "center_sec": 337.0,
        "prealign": {
          "mode": "gcc_phat",
          "tau_ldv_to_micl_ms": 3.021957194974227,
          "psr_ldv_to_micl_db": 4.24073005462389,
          "applied_delay_ms": -3.021957194974227
        }
      },
      {
        "tau_ms": 1.6057507100095876,
        "psr_db": -7.145808894965092,
        "theta_deg": 23.16677960893003,
        "theta_error_deg": 0.3022932649217296,
        "center_sec": 442.0,
        "prealign": {
          "mode": "gcc_phat",
          "tau_ldv_to_micl_ms": 2.889531175425979,
          "psr_ldv_to_micl_db": 4.351526216536686,
          "applied_delay_ms": -2.889531175425979
        }
      },
      {
        "tau_ms": 1.4820799643718674,
        "psr_db": -7.381574134307815,
        "theta_deg": 21.29128993835958,
        "theta_error_deg": 1.5731964056487229,
        "center_sec": 493.0,
        "prealign": {
          "mode": "gcc_phat",
          "tau_ldv_to_micl_ms": 3.027185103967735,
          "psr_ldv_to_micl_db": 4.320176060925939,
          "applied_delay_ms": -3.027185103967735
        }
      },
      {
        "tau_ms": 1.46223024553878,
        "psr_db": -3.5533254618115295,
        "theta_deg": 20.992541060391158,
        "theta_error_deg": 1.8719452836171442,
        "center_sec": 277.0,
        "prealign": {
          "mode": "gcc_phat",
          "tau_ldv_to_micl_ms": 3.0344553517793704,
          "psr_ldv_to_micl_db": 5.182342419977698,
          "applied_delay_ms": -3.0344553517793704
        }
      },
      {
        "tau_ms": 1.434639216069682,
        "psr_db": -7.114453113165507,
        "theta_deg": 20.57826968242911,
        "theta_error_deg": 2.286216661579193,
        "center_sec": 560.0,
        "prealign": {
          "mode": "gcc_phat",
          "tau_ldv_to_micl_ms": 3.024252544480245,
          "psr_ldv_to_micl_db": 4.722090853583693,
          "applied_delay_ms": -3.024252544480245
        }
      }
    ]
  },
  "pass_thresholds": {
    "theta_error_max_deg": 5.0,
    "psr_min_db": null
  },
  "passed": true,
  "timestamp": "2026-02-11T09:36:39.291749"
}