{
  "generated": "2026-02-14T18:35:53.612592",
  "run_dir": "/home/sbplab/jiawei/data-worktrees/exp-tdoa-cross-correlation/results/claim2_coherence_trap_sweep_smoke_20260214_183545/cm_snr_+20db/teacher_mic_only_control",
  "pooled": {
    "baseline": {
      "theta_error_ref_deg": {
        "count": 6,
        "median": 3.0571745836883615,
        "p90": 3.4597383610833257,
        "p95": 3.4923814599175342
      },
      "theta_error_geo_deg": {
        "count": 6,
        "median": 0.463641075237034,
        "p90": 3.546433459064252,
        "p95": 5.03213252917099
      },
      "fail_rate_ref_gt5deg": 0.0
    },
    "teacher": {
      "theta_error_ref_deg": {
        "count": 6,
        "median": 0.3128159468127387,
        "p90": 0.6796154759097828,
        "p95": 0.8164998214822445
      },
      "theta_error_geo_deg": {
        "count": 6,
        "median": 3.4361953826755594,
        "p90": 3.8029949117726036,
        "p95": 3.9398792573450656
      },
      "fail_rate_ref_gt5deg": 0.0
    }
  },
  "teacher_sanity_gate": {
    "median_not_worse_frac_le_0p05": true,
    "computed": {
      "median_worsening_frac": -0.897678088623831
    }
  }
}