{
  "generated": "2026-02-14T18:53:42.888864",
  "speaker_id": "19-0.1V",
  "truth_reference": {
    "tau_ref_ms": 0.9146816249912124,
    "theta_ref_deg": 12.949784096599064,
    "label": "chirp 28 mic truth-ref (5s)"
  },
  "geometry_truth": {
    "tau_true_ms": 0.7585061238687961,
    "theta_true_deg": 10.709760310799183
  },
  "counts": {
    "n_candidate_windows": 501,
    "n_speech_windows": 251,
    "n_silence_windows": 6
  },
  "rms_thresholds": {
    "speech_rms_micl_p50": 0.0017609058663052284
  },
  "coupling": {
    "coupling_mode": "mic_only",
    "coupling_hard_forbid_enable": false,
    "forbidden_band_count_static_effective": 0,
    "dynamic_coh_gate_enable": true,
    "dynamic_coh_min": 0.05,
    "tau_ref_gate_enable": false,
    "tau_ref_gate_ratio_min": 0.6,
    "forbidden_dyn_count_speech_windows": {
      "min": 0,
      "median": 0.0,
      "p90": 0.0,
      "max": 0
    },
    "forbidden_tau_ref_count_speech_windows": {
      "min": 0,
      "median": 0.0,
      "p90": 0.0,
      "max": 0
    }
  },
  "method": {
    "baseline": {
      "theta_error_ref_deg": {
        "count": 251,
        "median": 0.9766785982615431,
        "p90": 1.0171215998568126,
        "p95": 1.0371230897104278
      },
      "theta_error_geo_deg": {
        "count": 251,
        "median": 1.263345187538338,
        "p90": 1.3030125387556293,
        "p95": 1.317462934352661
      },
      "fail_rate_ref_gt5deg": 0.0
    },
    "teacher": {
      "theta_error_ref_deg": {
        "count": 251,
        "median": 0.022239123042290032,
        "p90": 0.06826322906319149,
        "p95": 0.09908314399679874
      },
      "theta_error_geo_deg": {
        "count": 251,
        "median": 2.233725324221714,
        "p90": 2.2861340127199448,
        "p95": 2.300641370053847
      },
      "fail_rate_ref_gt5deg": 0.0
    }
  }
}