{
  "generated": "2026-02-13T18:38:17.869338",
  "run_dir": "results/ablation_teacher_ldv_mic_20260213_183424",
  "n_samples": 1255,
  "k_horizon": 6,
  "n_bands": 64,
  "valid_len": {
    "mean": 4.988844621513945,
    "median": 6.0,
    "p10": 1.0,
    "p90": 6.0,
    "frac_zero": 0.0
  }
}