{
  "cc": {
    "num_defined": 12414,
    "tau_ms_mean": -3.199776190944944,
    "tau_ms_std": 4.807487075911828,
    "tau_ms_median": -1.3009623951344498,
    "tau_ms_p10": -9.556322327688818,
    "tau_ms_p90": 0.033528242269997253,
    "psr_mean": 4.594671000292512,
    "psr_median": 4.130207322135435,
    "psr_p50": 4.130207322135435,
    "psr_p90": 7.317789169158625
  },
  "ncc": {
    "num_defined": 12414,
    "tau_ms_mean": -3.1997761909449434,
    "tau_ms_std": 4.807487075911828,
    "tau_ms_median": -1.3009623951344498,
    "tau_ms_p10": -9.556322327688818,
    "tau_ms_p90": 0.03352824226999706,
    "psr_mean": 4.594671000292512,
    "psr_median": 4.130207322135435,
    "psr_p50": 4.130207322135435,
    "psr_p90": 7.317789169158625
  },
  "gcc_phat": {
    "num_defined": 12414,
    "tau_ms_mean": -0.05666686384625933,
    "tau_ms_std": 0.5101427156867981,
    "tau_ms_median": -0.0001004364433525556,
    "tau_ms_p10": -0.06358857402164032,
    "tau_ms_p90": 0.05180232598670985,
    "psr_mean": 48.985916858687226,
    "psr_median": 49.9731870472186,
    "psr_p50": 49.9731870472186,
    "psr_p90": 78.87888614614512
  },
  "cc_vs_gcc_phat": {
    "num_compared": 12414,
    "abs_diff_mean_ms": 3.7233174512000016,
    "abs_diff_median_ms": 1.5377948601436673,
    "abs_diff_p90_ms": 9.609184095618115,
    "correlation": 0.05390727220941577
  },
  "config": {
    "fs": 16000,
    "hop_length": 160,
    "n_fft": 2048,
    "freq_min": 300.0,
    "freq_max": 3000.0,
    "search_radius_frames": 2,
    "seed": 42
  },
  "num_pairs": 48,
  "total_windows": 12414
}