{
  "generated": "2026-02-14T18:49:04.194831",
  "speaker_id": "18-0.1V",
  "truth_reference": {
    "tau_ref_ms": 1.585930191304251,
    "theta_ref_deg": 22.864486344008302,
    "label": "chirp 29 mic truth-ref (5s)"
  },
  "geometry_truth": {
    "tau_true_ms": 1.450441867492482,
    "theta_true_deg": 20.815402749359603
  },
  "counts": {
    "n_candidate_windows": 501,
    "n_speech_windows": 251,
    "n_silence_windows": 6
  },
  "rms_thresholds": {
    "speech_rms_micl_p50": 0.0016546248325103221
  },
  "coupling": {
    "coupling_mode": "mic_only",
    "coupling_hard_forbid_enable": false,
    "forbidden_band_count_static_effective": 0,
    "dynamic_coh_gate_enable": true,
    "dynamic_coh_min": 0.05,
    "tau_ref_gate_enable": false,
    "tau_ref_gate_ratio_min": 0.6,
    "forbidden_dyn_count_speech_windows": {
      "min": 0,
      "median": 0.0,
      "p90": 0.0,
      "max": 0
    },
    "forbidden_tau_ref_count_speech_windows": {
      "min": 0,
      "median": 0.0,
      "p90": 0.0,
      "max": 0
    }
  },
  "method": {
    "baseline": {
      "theta_error_ref_deg": {
        "count": 251,
        "median": 0.2528413098594555,
        "p90": 0.36585315483678826,
        "p95": 0.4020824355814696
      },
      "theta_error_geo_deg": {
        "count": 251,
        "median": 2.2981331378439585,
        "p90": 2.414936749485488,
        "p95": 2.451166030230169
      },
      "fail_rate_ref_gt5deg": 0.0
    },
    "teacher": {
      "theta_error_ref_deg": {
        "count": 251,
        "median": 0.03178861136942146,
        "p90": 0.10274697978029934,
        "p95": 0.12537946283211276
      },
      "theta_error_geo_deg": {
        "count": 251,
        "median": 2.0415537619676876,
        "p90": 2.105418083881979,
        "p95": 2.14096672810121
      },
      "fail_rate_ref_gt5deg": 0.0
    }
  }
}