{
  "generated": "2026-02-14T18:58:18.923476",
  "speaker_id": "20-0.1V",
  "truth_reference": {
    "tau_ref_ms": 0.22239289589976383,
    "theta_ref_deg": 3.123379435862821,
    "label": "chirp 25 mic truth-ref (5s)"
  },
  "geometry_truth": {
    "tau_true_ms": 0.0,
    "theta_true_deg": 0.0
  },
  "counts": {
    "n_candidate_windows": 501,
    "n_speech_windows": 251,
    "n_silence_windows": 6
  },
  "rms_thresholds": {
    "speech_rms_micl_p50": 0.0017595765068800931
  },
  "coupling": {
    "coupling_mode": "mic_only",
    "coupling_hard_forbid_enable": false,
    "forbidden_band_count_static_effective": 0,
    "dynamic_coh_gate_enable": true,
    "dynamic_coh_min": 0.05,
    "tau_ref_gate_enable": false,
    "tau_ref_gate_ratio_min": 0.6,
    "forbidden_dyn_count_speech_windows": {
      "min": 0,
      "median": 0.0,
      "p90": 0.0,
      "max": 0
    },
    "forbidden_tau_ref_count_speech_windows": {
      "min": 0,
      "median": 0.0,
      "p90": 0.0,
      "max": 0
    }
  },
  "method": {
    "baseline": {
      "theta_error_ref_deg": {
        "count": 251,
        "median": 3.1229956819313243,
        "p90": 3.130151770017454,
        "p95": 3.133436018880449
      },
      "theta_error_geo_deg": {
        "count": 251,
        "median": 0.0039017157923557644,
        "p90": 0.011488485102234,
        "p95": 0.014836154967811726
      },
      "fail_rate_ref_gt5deg": 0.0
    },
    "teacher": {
      "theta_error_ref_deg": {
        "count": 251,
        "median": 0.6792883121394002,
        "p90": 3.1068993372712606,
        "p95": 3.1266355858553507
      },
      "theta_error_geo_deg": {
        "count": 251,
        "median": 3.762128981581957,
        "p90": 4.087793992254346,
        "p95": 4.1386862921346035
      },
      "fail_rate_ref_gt5deg": 0.0
    }
  }
}