{
  "generated": "2026-02-14T18:59:02.763827",
  "speaker_id": "21-0.1V",
  "truth_reference": {
    "tau_ref_ms": -0.6354575282303851,
    "theta_ref_deg": -8.956647639640721,
    "label": "chirp 24 mic truth-ref (5s)"
  },
  "geometry_truth": {
    "tau_true_ms": -0.7585061238687961,
    "theta_true_deg": -10.709760310799183
  },
  "counts": {
    "n_candidate_windows": 501,
    "n_speech_windows": 251,
    "n_silence_windows": 6
  },
  "rms_thresholds": {
    "speech_rms_micl_p50": 0.0017280344740161358
  },
  "coupling": {
    "coupling_mode": "mic_only",
    "coupling_hard_forbid_enable": false,
    "forbidden_band_count_static_effective": 0,
    "dynamic_coh_gate_enable": true,
    "dynamic_coh_min": 0.05,
    "tau_ref_gate_enable": false,
    "tau_ref_gate_ratio_min": 0.6,
    "forbidden_dyn_count_speech_windows": {
      "min": 0,
      "median": 0.0,
      "p90": 0.0,
      "max": 0
    },
    "forbidden_tau_ref_count_speech_windows": {
      "min": 0,
      "median": 0.0,
      "p90": 0.0,
      "max": 0
    }
  },
  "method": {
    "baseline": {
      "theta_error_ref_deg": {
        "count": 251,
        "median": 4.036117501642434,
        "p90": 4.055024121116983,
        "p95": 4.058633765727873
      },
      "theta_error_geo_deg": {
        "count": 251,
        "median": 5.789230172800896,
        "p90": 5.8081367922754445,
        "p95": 5.8117464368863345
      },
      "fail_rate_ref_gt5deg": 0.0
    },
    "teacher": {
      "theta_error_ref_deg": {
        "count": 251,
        "median": 0.03693289381800646,
        "p90": 0.08362176136323285,
        "p95": 0.12021427619973224
      },
      "theta_error_geo_deg": {
        "count": 251,
        "median": 1.7520629081716415,
        "p90": 1.8197437018694167,
        "p95": 1.8703950372779117
      },
      "fail_rate_ref_gt5deg": 0.0
    }
  }
}