{
  "chirp": {
    "+0.0": [
      0.9401964185351104,
      0.8987886687607894,
      0.5947423757834669,
      0.5947423757834669,
      0.8987886687607894,
      0.9401964185351104,
      0.9401964185351104,
      0.9401964185351104,
      0.9401964185351104,
      0.9401964185351104,
      0.8987886687607894,
      0.8987886687607894,
      0.8987886687607894,
      0.8987886687607894,
      0.9401964185351104,
      0.8987886687607894,
      0.8987886687607894,
      0.8987886687607894,
      0.5947423757834669,
      0.5947423757834669
    ],
    "+0.4": [
      1.0877360131781086,
      0.9125546692514541,
      0.8108452569272806,
      0.8900560900201253,
      0.9393127000913992,
      0.8900560900201253,
      0.7610128303031876,
      0.8108452569272806,
      0.837730390499397,
      0.7082283542665471,
      1.1980374231090594,
      0.8900560900201255,
      0.8377303904993972,
      0.8108452569272817,
      1.001318200017346,
      0.8108452569272806,
      1.0754009650677758,
      1.014542828426586,
      0.7732344642341253,
      1.0145428284265865
    ],
    "+0.8": [
      0.6324535141062662,
      0.793643959362648,
      0.6794016243869081,
      0.8204626950695152,
      0.8189153605050513,
      0.43403125401653797,
      0.6208069276749143,
      0.8175082174798493,
      0.7901225094194462,
      0.8207536881504098,
      0.8036203501883481,
      0.7901225094194461,
      0.695605328090612,
      0.6208069276749141,
      0.7651170480836589,
      0.792329771021119,
      0.8088161086381631,
      0.765117048083659,
      0.793643959362648,
      0.8175082174798489
    ]
  },
  "chirp_2": {
    "+0.0": [
      0.9828277766861785,
      0.9791273656364547,
      0.6031073746144407,
      0.6141050607695203,
      0.8987604360362051,
      0.9121465336928016,
      0.9176195827349646,
      0.952456760200032,
      0.9121465336928016,
      0.9210753620635115,
      0.7165395799331418,
      0.9895019275064538,
      0.616549487895495,
      0.7350618325045636,
      0.6165494878954949,
      0.9210753620635115,
      0.7350618325045636,
      0.8435632266648091,
      0.9176195827349646,
      0.9176195827349646
    ],
    "+0.4": [
      0.6068290639761748,
      0.6126426024523184,
      0.8413687648425557,
      0.6126426024523184,
      0.621567625341744,
      0.7292785236000393,
      0.6068290639761746,
      0.7003344834545846,
      0.758549984608631,
      0.602908691599372,
      0.8413687648425557,
      0.8693531460694738,
      0.8693531460694736,
      0.6029086915993723,
      0.6051802728462016,
      0.6126426024523184,
      0.5617094180034342,
      0.5914955001448504,
      0.6030778349491723,
      0.6029086915993724
    ],
    "+0.8": [
      0.9157600401619139,
      0.7488911241520027,
      0.7239668496633254,
      0.7275636825494817,
      0.7488911241520027,
      0.6749669990794595,
      0.7239668496633253,
      0.8761924340336036,
      0.8761924340336036,
      0.7326423651276492,
      0.7242832708465474,
      0.7239668496633253,
      0.7275636825494817,
      0.7394253560975352,
      0.5520868095720938,
      0.6495295253051012,
      0.7488911241520023,
      0.6495295253051012,
      0.7242832708465473,
      0.7488911241520027
    ]
  }
}