{
  "condition": "with_dtmin",
  "cc": {
    "tau_ms_count": 416,
    "tau_ms_mean": 0.038461538461538464,
    "tau_ms_std": 0.7835211072101291,
    "tau_ms_median": 0.0,
    "tau_ms_p10": 0.0,
    "tau_ms_p90": 0.0,
    "psr_count": 416,
    "psr_mean": 10.471198678463104,
    "psr_std": 4.521193131237158,
    "psr_median": 9.569816510476004,
    "psr_p10": 5.5913188942401835,
    "psr_p90": 15.565661598955439
  },
  "ncc": {
    "tau_ms_count": 416,
    "tau_ms_mean": 0.038461538461538464,
    "tau_ms_std": 0.7835211072101291,
    "tau_ms_median": 0.0,
    "tau_ms_p10": 0.0,
    "tau_ms_p90": 0.0,
    "psr_count": 416,
    "psr_mean": 10.471198678463104,
    "psr_std": 4.521193131237161,
    "psr_median": 9.569816510476,
    "psr_p10": 5.591318894240186,
    "psr_p90": 15.56566159895539
  },
  "gcc_phat": {
    "tau_ms_count": 416,
    "tau_ms_mean": -0.15384615384615385,
    "tau_ms_std": 1.5613679330911108,
    "tau_ms_median": 0.0,
    "tau_ms_p10": 0.0,
    "tau_ms_p90": 0.0,
    "psr_count": 416,
    "psr_mean": 32.244679982865144,
    "psr_std": 5.207158596490666,
    "psr_median": 32.77328315790541,
    "psr_p10": 24.53815080680731,
    "psr_p90": 38.38882303231635
  },
  "music": {
    "tau_ms_count": 416,
    "tau_ms_mean": 0.0004260412790500316,
    "tau_ms_std": 0.0189831697718232,
    "tau_ms_median": 0.0,
    "tau_ms_p10": 0.0,
    "tau_ms_p90": 0.007629148140370822,
    "psr_count": 416,
    "psr_mean": 7017.900434640446,
    "psr_std": 107453.00132797685,
    "psr_median": 45.58893313866763,
    "psr_p10": 7.579677915054258,
    "psr_p90": 710.4113497311771,
    "snr_db_count": 416,
    "snr_db_mean": 15.759180924191124,
    "snr_db_std": 2.002045696732588,
    "snr_db_median": 15.27913640154457,
    "snr_db_p10": 14.202702566313608,
    "snr_db_p90": 17.905512115076633,
    "doa_deg_count": 416,
    "doa_deg_mean": 0.052884615384615384,
    "doa_deg_std": 8.78411434100884,
    "doa_deg_median": 0.0,
    "doa_deg_p10": 0.0,
    "doa_deg_p90": 3.0
  },
  "dtmin_tau_f_mean_ms": 0.002326778707212598,
  "dtmin_tau_f_std_ms": 0.0028457760371281126
}