{
  "generated": "2026-02-13T23:29:20.531819",
  "speaker_id": "18-0.1V",
  "truth_reference": {
    "tau_ref_ms": 1.585930191304251,
    "theta_ref_deg": 22.864486344008302,
    "label": "chirp 29 mic truth-ref (5s)"
  },
  "geometry_truth": {
    "tau_true_ms": 1.450441867492482,
    "theta_true_deg": 20.815402749359603
  },
  "counts": {
    "n_candidate_windows": 501,
    "n_speech_windows": 251,
    "n_silence_windows": 6
  },
  "rms_thresholds": {
    "speech_rms_micl_p50": 0.0016546248325103221
  },
  "coupling": {
    "forbidden_band_count": 39
  },
  "method": {
    "baseline": {
      "theta_error_ref_deg": {
        "count": 251,
        "median": 0.8464177479780481,
        "p90": 5.207402667350824,
        "p95": 5.3234295760901595
      },
      "theta_error_geo_deg": {
        "count": 251,
        "median": 2.013395877143715,
        "p90": 7.256486261999523,
        "p95": 7.372513170738859
      },
      "fail_rate_ref_gt5deg": 0.24701195219123506
    },
    "teacher": {
      "theta_error_ref_deg": {
        "count": 251,
        "median": 0.3369741460630884,
        "p90": 0.653656219079906,
        "p95": 0.8606400393063076
      },
      "theta_error_geo_deg": {
        "count": 251,
        "median": 1.920800009214883,
        "p90": 2.4351434659980207,
        "p95": 2.678533601416646
      },
      "fail_rate_ref_gt5deg": 0.0
    }
  }
}