{
  "generated": "2026-02-13T18:41:19.428095",
  "speaker_id": "22-0.1V",
  "band_hz": [
    500.0,
    2000.0
  ],
  "n_bands": 64,
  "band_edges_hz": [
    500.0,
    523.4375,
    546.875,
    570.3125,
    593.75,
    617.1875,
    640.625,
    664.0625,
    687.5,
    710.9375,
    734.375,
    757.8125,
    781.25,
    804.6875,
    828.125,
    851.5625,
    875.0,
    898.4375,
    921.875,
    945.3125,
    968.75,
    992.1875,
    1015.625,
    1039.0625,
    1062.5,
    1085.9375,
    1109.375,
    1132.8125,
    1156.25,
    1179.6875,
    1203.125,
    1226.5625,
    1250.0,
    1273.4375,
    1296.875,
    1320.3125,
    1343.75,
    1367.1875,
    1390.625,
    1414.0625,
    1437.5,
    1460.9375,
    1484.375,
    1507.8125,
    1531.25,
    1554.6875,
    1578.125,
    1601.5625,
    1625.0,
    1648.4375,
    1671.875,
    1695.3125,
    1718.75,
    1742.1875,
    1765.625,
    1789.0625,
    1812.5,
    1835.9375,
    1859.375,
    1882.8125,
    1906.25,
    1929.6875,
    1953.125,
    1976.5625,
    2000.0
  ],
  "silence_percent": 1.0,
  "forbid_gamma2": 0.2,
  "obs_mode": "mic_only_strict",
  "cpl_band_max": [
    0.6628147611318348,
    0.6348126414151634,
    0.6983566241530349,
    0.5624865891506269,
    0.7824262400262265,
    0.7153425755576183,
    0.6171616816697088,
    0.7267382297691071,
    0.7765772878863582,
    0.8559860523004652,
    0.7761941876319045,
    0.5434650808221468,
    0.4410481559074061,
    0.7470585688904876,
    0.7090701897008603,
    0.6362118236428499,
    0.8965756167081593,
    0.7116373376983985,
    0.7537498644979661,
    0.8795103834891651,
    0.7237715406773899,
    0.48496999817623243,
    0.6543774584910065,
    0.8608620065140906,
    0.7779639624221624,
    0.42013667087288964,
    0.6498149781397232,
    0.7418939087712875,
    0.781248383015287,
    0.8291805624856284,
    0.7631610630154622,
    0.6765990033559263,
    0.6178164704318844,
    0.4003124958374733,
    0.5014887510611279,
    0.5686198661496472,
    0.8510643732550313,
    0.8814765242851093,
    0.7224893285536407,
    0.6280996042748531,
    0.6905041643355194,
    0.8411818571394766,
    0.8484667901961853,
    0.7698648493082683,
    0.6578398250749777,
    0.7474964370899881,
    0.7287802413459319,
    0.7385525321247395,
    0.6609873223834155,
    0.5398293500063195,
    0.6203151183519705,
    0.7097030735565052,
    0.8022410135900336,
    0.7423232042277613,
    0.556701551297177,
    0.6332974352012208,
    0.8464279978043368,
    0.8652901127517088,
    0.7003777790051844,
    0.8635635396202451,
    0.7477789470321458,
    0.799726919213086,
    0.6520955386132947,
    0.5505758787085065
  ],
  "cpl_band_mic_only": [
    0.5736283362567305,
    0.36914017543086486,
    0.2919391012651317,
    0.2709199818102307,
    0.7824262400262265,
    0.7153425755576183,
    0.6171616816697088,
    0.7267382297691071,
    0.6483768822280054,
    0.2980082964057793,
    0.42227861122343624,
    0.5128238850138158,
    0.2745662297396836,
    0.4499799250689004,
    0.3857455378201634,
    0.49992942536539986,
    0.8965756167081593,
    0.7116373376983985,
    0.7537498644979661,
    0.8795103834891651,
    0.7005500453921045,
    0.42773695357671687,
    0.38926787838986165,
    0.12173510562557745,
    0.26715964081070864,
    0.3238252325965428,
    0.35924344323692403,
    0.28504490737482047,
    0.32293194049317664,
    0.6246435649843168,
    0.7631610630154622,
    0.3605237950031291,
    0.5307480588356106,
    0.19286114579515604,
    0.1366074912319108,
    0.5677264252670882,
    0.4733547493541,
    0.13207548201879782,
    0.03280203163011356,
    0.13515738052572576,
    0.13901584441031037,
    0.2683846170447311,
    0.35620701564330626,
    0.14141791224621283,
    0.1427154290410872,
    0.19998467835829786,
    0.044562620354516524,
    0.05528974800834421,
    0.1682263715032386,
    0.19822120602015783,
    0.06159308892064946,
    0.22018820977176645,
    0.17986054211599103,
    0.18531047178398066,
    0.24229754489583807,
    0.6332974352012208,
    0.8464279978043368,
    0.8652901127517088,
    0.13718911382308296,
    0.035857693116837334,
    0.03634900885654135,
    0.06449279915122277,
    0.06423570844912467,
    0.02152082861375955
  ],
  "cpl_band_for_obs": [
    0.5736283362567305,
    0.36914017543086486,
    0.2919391012651317,
    0.2709199818102307,
    0.7824262400262265,
    0.7153425755576183,
    0.6171616816697088,
    0.7267382297691071,
    0.6483768822280054,
    0.2980082964057793,
    0.42227861122343624,
    0.5128238850138158,
    0.2745662297396836,
    0.4499799250689004,
    0.3857455378201634,
    0.49992942536539986,
    0.8965756167081593,
    0.7116373376983985,
    0.7537498644979661,
    0.8795103834891651,
    0.7005500453921045,
    0.42773695357671687,
    0.38926787838986165,
    0.12173510562557745,
    0.26715964081070864,
    0.3238252325965428,
    0.35924344323692403,
    0.28504490737482047,
    0.32293194049317664,
    0.6246435649843168,
    0.7631610630154622,
    0.3605237950031291,
    0.5307480588356106,
    0.19286114579515604,
    0.1366074912319108,
    0.5677264252670882,
    0.4733547493541,
    0.13207548201879782,
    0.03280203163011356,
    0.13515738052572576,
    0.13901584441031037,
    0.2683846170447311,
    0.35620701564330626,
    0.14141791224621283,
    0.1427154290410872,
    0.19998467835829786,
    0.044562620354516524,
    0.05528974800834421,
    0.1682263715032386,
    0.19822120602015783,
    0.06159308892064946,
    0.22018820977176645,
    0.17986054211599103,
    0.18531047178398066,
    0.24229754489583807,
    0.6332974352012208,
    0.8464279978043368,
    0.8652901127517088,
    0.13718911382308296,
    0.035857693116837334,
    0.03634900885654135,
    0.06449279915122277,
    0.06423570844912467,
    0.02152082861375955
  ],
  "forbidden_bands_raw": [
    0,
    1,
    2,
    3,
    4,
    5,
    6,
    7,
    8,
    9,
    10,
    11,
    12,
    13,
    14,
    15,
    16,
    17,
    18,
    19,
    20,
    21,
    22,
    23,
    24,
    25,
    26,
    27,
    28,
    29,
    30,
    31,
    32,
    33,
    34,
    35,
    36,
    37,
    38,
    39,
    40,
    41,
    42,
    43,
    44,
    45,
    46,
    47,
    48,
    49,
    50,
    51,
    52,
    53,
    54,
    55,
    56,
    57,
    58,
    59,
    60,
    61,
    62,
    63
  ],
  "forbidden_bands_effective": [],
  "forbid_rule_degenerated": true
}