{
  "generated": "2026-02-13T18:41:58.164858",
  "speaker_id": "22-0.1V",
  "truth_reference": {
    "tau_ref_ms": -1.3070460964186907,
    "theta_ref_deg": -18.67661071203609,
    "label": "chirp 23 mic truth-ref (5s)"
  },
  "geometry_truth": {
    "tau_true_ms": -1.450441867492482,
    "theta_true_deg": -20.815402749359603
  },
  "counts": {
    "n_candidate_windows": 501,
    "n_speech_windows": 251,
    "n_silence_windows": 5
  },
  "rms_thresholds": {
    "speech_rms_micl_p50": 0.0018118447910354532
  },
  "coupling": {
    "forbidden_band_count": 0
  },
  "method": {
    "baseline": {
      "theta_error_ref_deg": {
        "count": 251,
        "median": 5.839207446790333,
        "p90": 5.979591352982883,
        "p95": 6.035515737331318
      },
      "theta_error_geo_deg": {
        "count": 251,
        "median": 3.700415409466821,
        "p90": 3.840799315659371,
        "p95": 3.896723700007806
      },
      "fail_rate_ref_gt5deg": 1.0
    },
    "teacher": {
      "theta_error_ref_deg": {
        "count": 251,
        "median": 0.15830899530266151,
        "p90": 0.5510984743172251,
        "p95": 0.6437810463492166
      },
      "theta_error_geo_deg": {
        "count": 251,
        "median": 2.2664784043687938,
        "p90": 2.689890511640737,
        "p95": 2.7825730836727285
      },
      "fail_rate_ref_gt5deg": 0.0
    }
  }
}