{
  "generated": "2026-02-14T00:09:13.925294",
  "run_dir": "/home/sbplab/jiawei/data-worktrees/exp-tdoa-cross-correlation/results/claim2_irreducible_miclocal_20260213_232300/snr_m10/student_mic_only",
  "acceptance": {
    "p95_improvement_frac_ge_0p15": true,
    "fail_rate_improvement_frac_ge_0p20": true,
    "median_not_worse_frac_le_0p05": false,
    "overall_pass": false,
    "computed": {
      "p95_improvement_frac": 0.16099205260271812,
      "fail_rate_improvement_frac": 0.6567164179073309,
      "median_worsening_frac": 0.0845737462016862
    }
  },
  "corruption": {
    "use_traj_corruption": true,
    "config": {
      "snr_db": -10.0,
      "band_lo_hz": 500.0,
      "band_hi_hz": 2000.0,
      "preclip_gain": 100.0,
      "clip_limit": 0.99,
      "seed": 1337
    },
    "snr_achieved_db_preclip_test": {
      "micl_median": -9.999999999943139,
      "micr_median": -9.999999999866061
    },
    "clip_frac_test": {
      "micl_mean": 0.0043848794549266245,
      "micr_mean": 0.009596973270440253
    }
  },
  "pooled": {
    "baseline": {
      "theta_error_ref_deg": {
        "count": 318,
        "median": 2.29173646806181,
        "p90": 5.932068508392845,
        "p95": 6.459274903832206
      },
      "theta_error_geo_deg": {
        "count": 318,
        "median": 3.061161035611267,
        "p90": 6.588280830305295,
        "p95": 7.382482471172435
      },
      "fail_rate_ref_gt5deg": 0.21069182389937108
    },
    "student": {
      "theta_error_ref_deg": {
        "count": 318,
        "median": 2.485557206472903,
        "p90": 4.65385186367493,
        "p95": 5.419382978738874
      },
      "theta_error_geo_deg": {
        "count": 318,
        "median": 2.4680266076237567,
        "p90": 5.874220670091806,
        "p95": 6.506259446317871
      },
      "fail_rate_ref_gt5deg": 0.07232704402515723
    }
  }
}