{
  "baseline": {
    "count": 15,
    "tau_ms": {
      "mean": 0.998611111111111,
      "std": 1.9912055874163332,
      "median": 1.3333333333333333
    },
    "peak": {
      "mean": 0.07711526614924272,
      "std": 0.07317418784485374,
      "median": 0.030270257964730263
    },
    "psr": {
      "mean": 5.735706726710002,
      "std": 3.4576481652345668,
      "median": 4.1390204429626465
    },
    "error_ms": {
      "mean": 4.945344444444444,
      "std": 2.4879342014244035,
      "median": 5.871333333333333
    }
  },
  "dtmin_16k": {
    "count": 15,
    "tau_ms": {
      "mean": -0.36666666666666664,
      "std": 1.1687927056963048,
      "median": 0.0
    },
    "peak": {
      "mean": 0.16165024627303082,
      "std": 0.08989346181020169,
      "median": 0.12934196296567363
    },
    "psr": {
      "mean": 8.34215411697175,
      "std": 2.722388358355241,
      "median": 7.934110255710596
    },
    "error_ms": {
      "mean": 3.5800666666666663,
      "std": 1.7363191034164454,
      "median": 4.029
    }
  },
  "dtmin_native": {
    "count": 15,
    "tau_ms": {
      "mean": -0.3694444444444444,
      "std": 1.1679176494096102,
      "median": -0.020833333333333332
    },
    "peak": {
      "mean": 0.07544439769989643,
      "std": 0.05843536057081822,
      "median": 0.04531733633881171
    },
    "psr": {
      "mean": 5.061269135091015,
      "std": 1.93036107877593,
      "median": 4.6382169836941145
    },
    "error_ms": {
      "mean": 3.5772888888888885,
      "std": 1.7382628668647868,
      "median": 4.008166666666667
    }
  }
}