{
  "generated": "2026-02-14T03:15:22.268334",
  "speaker_id": "20-0.1V",
  "truth_reference": {
    "tau_ref_ms": 0.22239289589976383,
    "theta_ref_deg": 3.123379435862821,
    "label": "chirp 25 mic truth-ref (5s)"
  },
  "geometry_truth": {
    "tau_true_ms": 0.0,
    "theta_true_deg": 0.0
  },
  "counts": {
    "n_candidate_windows": 501,
    "n_speech_windows": 251,
    "n_silence_windows": 6
  },
  "rms_thresholds": {
    "speech_rms_micl_p50": 0.0017595765068800931
  },
  "coupling": {
    "forbidden_band_count": 42
  },
  "method": {
    "baseline": {
      "theta_error_ref_deg": {
        "count": 251,
        "median": 2.2605197206742673,
        "p90": 4.980075490784358,
        "p95": 5.726354801950915
      },
      "theta_error_geo_deg": {
        "count": 251,
        "median": 2.8822619837316,
        "p90": 6.693073785899345,
        "p95": 8.138286889530082
      },
      "fail_rate_ref_gt5deg": 0.099601593625498
    },
    "teacher": {
      "theta_error_ref_deg": {
        "count": 251,
        "median": 0.4091916028080962,
        "p90": 1.1021562045626547,
        "p95": 1.303004417572684
      },
      "theta_error_geo_deg": {
        "count": 251,
        "median": 3.1383397072939694,
        "p90": 3.9339313083900094,
        "p95": 4.297874331434098
      },
      "fail_rate_ref_gt5deg": 0.0
    }
  }
}