{
  "timestamp": "2026-02-07T18:14:16.932103",
  "window_size_sec": 5.0,
  "freq_band_hz": [
    200,
    4000
  ],
  "delay_sets_ms": {
    "chirp": {
      "LDV": 0.8679419649676854,
      "LEFT-MIC": 0.0,
      "RIGHT-MIC": -0.005230004338069937
    },
    "chirp_2": {
      "LDV": 0.6832645121428178,
      "LEFT-MIC": 0.0,
      "RIGHT-MIC": -0.04329620398924498
    },
    "old_3.8ms": {
      "LDV": 3.8,
      "LEFT-MIC": 0.0,
      "RIGHT-MIC": 0.0
    },
    "old_4.3ms": {
      "LDV": 4.3,
      "LEFT-MIC": 0.0,
      "RIGHT-MIC": 0.0
    },
    "old_4.8ms": {
      "LDV": 4.8,
      "LEFT-MIC": 0.0,
      "RIGHT-MIC": 0.0
    }
  },
  "overall_stats": {
    "LDV_LEFT": {
      "chirp": {
        "n": 836,
        "mean_ms": 3.443025795071956,
        "median_ms": 3.670497402949754,
        "std_ms": 0.7677206909635033,
        "abs_mean_ms": 3.443025795071956,
        "abs_p95_ms": 3.922634298932137,
        "abs_max_ms": 6.970134754593697
      },
      "chirp_2": {
        "n": 836,
        "mean_ms": 3.6277032478968243,
        "median_ms": 3.8551748557746217,
        "std_ms": 0.7677206909635033,
        "abs_mean_ms": 3.6277032478968243,
        "abs_p95_ms": 4.107311751757004,
        "abs_max_ms": 7.154812207418564
      },
      "old_3.8ms": {
        "n": 836,
        "mean_ms": 0.5109677600396418,
        "median_ms": 0.7384393679174397,
        "std_ms": 0.7677206909635033,
        "abs_mean_ms": 0.783369386537559,
        "abs_p95_ms": 0.9905762638998226,
        "abs_max_ms": 4.038076719561382
      },
      "old_4.3ms": {
        "n": 836,
        "mean_ms": 0.010967760039641868,
        "median_ms": 0.23843936791743925,
        "std_ms": 0.7677206909635033,
        "abs_mean_ms": 0.5796666607574535,
        "abs_p95_ms": 1.2147305932847414,
        "abs_max_ms": 3.5380767195613823
      },
      "old_4.8ms": {
        "n": 836,
        "mean_ms": -0.4890322399603582,
        "median_ms": -0.26156063208256075,
        "std_ms": 0.7677206909635033,
        "abs_mean_ms": 0.6036404888779875,
        "abs_p95_ms": 1.7137952321989343,
        "abs_max_ms": 3.0380767195613823
      }
    },
    "LDV_RIGHT": {
      "chirp": {
        "n": 836,
        "mean_ms": 3.3860596938975585,
        "median_ms": 3.665151956758975,
        "std_ms": 0.6654865363543612,
        "abs_mean_ms": 3.3860596938975585,
        "abs_p95_ms": 3.916061648518126,
        "abs_max_ms": 5.910268860204206
      },
      "chirp_2": {
        "n": 836,
        "mean_ms": 3.5326709470712507,
        "median_ms": 3.8117632099326677,
        "std_ms": 0.6654865363543612,
        "abs_mean_ms": 3.5326709470712507,
        "abs_p95_ms": 4.062672901691819,
        "abs_max_ms": 6.056880113377899
      },
      "old_3.8ms": {
        "n": 836,
        "mean_ms": 0.4592316632033139,
        "median_ms": 0.7383239260647305,
        "std_ms": 0.6654865363543612,
        "abs_mean_ms": 0.7387941776408901,
        "abs_p95_ms": 0.9892336178238814,
        "abs_max_ms": 2.983440829509961
      },
      "old_4.3ms": {
        "n": 836,
        "mean_ms": -0.04076833679668619,
        "median_ms": 0.23832392606473052,
        "std_ms": 0.6654865363543611,
        "abs_mean_ms": 0.5434207652275871,
        "abs_p95_ms": 1.213812607979573,
        "abs_max_ms": 2.483440829509961
      },
      "old_4.8ms": {
        "n": 836,
        "mean_ms": -0.5407683367966862,
        "median_ms": -0.2616760739352695,
        "std_ms": 0.6654865363543612,
        "abs_mean_ms": 0.5781270299024047,
        "abs_p95_ms": 1.7134572160714088,
        "abs_max_ms": 1.983440829509961
      }
    }
  },
  "per_position_stats": {
    "18": {
      "LDV_LEFT": {
        "chirp": {
          "n": 167,
          "mean_ms": 3.7215981807283236,
          "median_ms": 3.670301158812886,
          "std_ms": 0.3819016124619986,
          "abs_mean_ms": 3.7215981807283236,
          "abs_p95_ms": 3.6763554025857714,
          "abs_max_ms": 6.547498486211962
        },
        "chirp_2": {
          "n": 167,
          "mean_ms": 3.906275633553192,
          "median_ms": 3.854978611637754,
          "std_ms": 0.3819016124619986,
          "abs_mean_ms": 3.906275633553192,
          "abs_p95_ms": 3.861032855410639,
          "abs_max_ms": 6.73217593903683
        },
        "old_3.8ms": {
          "n": 167,
          "mean_ms": 0.78954014569601,
          "median_ms": 0.7382431237805718,
          "std_ms": 0.38190161246199855,
          "abs_mean_ms": 0.78954014569601,
          "abs_p95_ms": 0.7442973675534571,
          "abs_max_ms": 3.615440451179648
        },
        "old_4.3ms": {
          "n": 167,
          "mean_ms": 0.28954014569601,
          "median_ms": 0.23824312378057133,
          "std_ms": 0.38190161246199855,
          "abs_mean_ms": 0.28954014569601,
          "abs_p95_ms": 0.24429736755345707,
          "abs_max_ms": 3.115440451179648
        },
        "old_4.8ms": {
          "n": 167,
          "mean_ms": -0.21045985430399,
          "median_ms": -0.26175687621942867,
          "std_ms": 0.38190161246199855,
          "abs_mean_ms": 0.3043339954671983,
          "abs_p95_ms": 0.2787147480802273,
          "abs_max_ms": 2.615440451179648
        }
      },
      "LDV_RIGHT": {
        "chirp": {
          "n": 167,
          "mean_ms": 2.246108977383107,
          "median_ms": 2.2145340151909036,
          "std_ms": 0.23913754994497313,
          "abs_mean_ms": 2.246108977383107,
          "abs_p95_ms": 2.2229295198796915,
          "abs_max_ms": 4.210273202314058
        },
        "chirp_2": {
          "n": 167,
          "mean_ms": 2.392720230556799,
          "median_ms": 2.361145268364596,
          "std_ms": 0.23913754994497313,
          "abs_mean_ms": 2.392720230556799,
          "abs_p95_ms": 2.369540773053384,
          "abs_max_ms": 4.356884455487751
        },
        "old_3.8ms": {
          "n": 167,
          "mean_ms": -0.6807190533111376,
          "median_ms": -0.7122940155033408,
          "std_ms": 0.2391375499449732,
          "abs_mean_ms": 0.7187675459093036,
          "abs_p95_ms": 0.7205946606794276,
          "abs_max_ms": 1.2834451716198136
        },
        "old_4.3ms": {
          "n": 167,
          "mean_ms": -1.1807190533111374,
          "median_ms": -1.2122940155033413,
          "std_ms": 0.23913754994497316,
          "abs_mean_ms": 1.200803474053016,
          "abs_p95_ms": 1.2186811887766495,
          "abs_max_ms": 1.2420543037868836
        },
        "old_4.8ms": {
          "n": 167,
          "mean_ms": -1.6807190533111374,
          "median_ms": -1.7122940155033413,
          "std_ms": 0.23913754994497316,
          "abs_mean_ms": 1.6874602062107882,
          "abs_p95_ms": 1.7186811887766495,
          "abs_max_ms": 1.7420543037868836
        }
      }
    },
    "19": {
      "LDV_LEFT": {
        "chirp": {
          "n": 168,
          "mean_ms": 3.9378361928884464,
          "median_ms": 3.9199564311417525,
          "std_ms": 0.2347331275457767,
          "abs_mean_ms": 3.9378361928884464,
          "abs_p95_ms": 3.92836367811326,
          "abs_max_ms": 6.970134754593697
        },
        "chirp_2": {
          "n": 168,
          "mean_ms": 4.122513645713314,
          "median_ms": 4.1046338839666205,
          "std_ms": 0.23473312754577663,
          "abs_mean_ms": 4.122513645713314,
          "abs_p95_ms": 4.113041130938128,
          "abs_max_ms": 7.154812207418564
        },
        "old_3.8ms": {
          "n": 168,
          "mean_ms": 1.005778157856132,
          "median_ms": 0.9878983961094381,
          "std_ms": 0.2347331275457767,
          "abs_mean_ms": 1.005778157856132,
          "abs_p95_ms": 0.9963056430809453,
          "abs_max_ms": 4.038076719561382
        },
        "old_4.3ms": {
          "n": 168,
          "mean_ms": 0.505778157856132,
          "median_ms": 0.4878983961094381,
          "std_ms": 0.2347331275457767,
          "abs_mean_ms": 0.505778157856132,