{
  "generated": "2026-02-14T14:43:24.475080",
  "speaker_id": "22-0.1V",
  "truth_reference": {
    "tau_ref_ms": -1.3070460964186907,
    "theta_ref_deg": -18.67661071203609,
    "label": "chirp 23 mic truth-ref (5s)"
  },
  "geometry_truth": {
    "tau_true_ms": -1.450441867492482,
    "theta_true_deg": -20.815402749359603
  },
  "counts": {
    "n_candidate_windows": 501,
    "n_speech_windows": 251,
    "n_silence_windows": 6
  },
  "rms_thresholds": {
    "speech_rms_micl_p50": 0.0018118447910354532
  },
  "coupling": {
    "coupling_mode": "mic_only",
    "coupling_hard_forbid_enable": false,
    "forbidden_band_count_static_effective": 0,
    "dynamic_coh_gate_enable": true,
    "dynamic_coh_min": 0.05,
    "forbidden_dyn_count_speech_windows": {
      "min": 6,
      "median": 51.0,
      "p90": 53.0,
      "max": 54
    }
  },
  "method": {
    "baseline": {
      "theta_error_ref_deg": {
        "count": 251,
        "median": 4.825595365719185,
        "p90": 6.049362339434197,
        "p95": 6.5376930840363485
      },
      "theta_error_geo_deg": {
        "count": 251,
        "median": 6.421074337953176,
        "p90": 7.790425894989161,
        "p95": 8.394629993962642
      },
      "fail_rate_ref_gt5deg": 0.450199203187251
    },
    "teacher": {
      "theta_error_ref_deg": {
        "count": 251,
        "median": 0.6838281586983541,
        "p90": 1.6410384944183747,
        "p95": 1.9731166683446872
      },
      "theta_error_geo_deg": {
        "count": 251,
        "median": 2.7391094245412972,
        "p90": 3.674587388257631,
        "p95": 4.007857670144995
      },
      "fail_rate_ref_gt5deg": 0.0
    }
  }
}