{
  "speaker_id": "22-0.1V",
  "signal_pair": "ldv_micl",
  "pair_description": "LDV aligned to MicL (OMP) paired with MicR",
  "ground_truth": {
    "tau_true_ms": -1.450441867492482,
    "theta_true_deg": -20.815402749359603,
    "d_left": 2.0024984394500787,
    "d_right": 2.5,
    "speaker_pos": [
      -0.8,
      0.0
    ]
  },
  "truth_reference": {
    "mode": "override",
    "label": "chirp 23 mic truth-ref (5s)",
    "tau_ref_ms": -1.3070460964186907,
    "theta_ref_deg": -18.67661071203609
  },
  "n_segments": 5,
  "segment_mode": "scan",
  "scan_summary": {
    "n_scanned": 501,
    "n_candidates": 501,
    "n_filtered": 97,
    "n_selected": 5,
    "scan_sort_by": "tau_err",
    "scan_psr_min_db": -20.0,
    "scan_tau_err_max_ms": 2.0,
    "scan_ldv_micl_psr_min_db": null
  },
  "segment_centers_sec": [
    544.0,
    284.0,
    314.0,
    248.0,
    576.0
  ],
  "ldv_prealign": "gcc_phat",
  "config": {
    "fs": 48000,
    "n_fft": 6144,
    "hop_length": 160,
    "max_lag": 50,
    "max_k": 3,
    "tw": 64,
    "freq_min": 100,
    "freq_max": 8000,
    "gcc_max_lag_ms": 10.0,
    "gcc_bandpass_low": 500.0,
    "gcc_bandpass_high": 2000.0,
    "psr_exclude_samples": 50,
    "gcc_guided_peak_radius_ms": 0.3,
    "analysis_slice_sec": 5.0,
    "eval_window_sec": 5.0,
    "segment_spacing_sec": 50.0,
    "segment_offset_sec": 100.0,
    "ldv_prealign": "gcc_phat",
    "speed_of_sound": 343.0,
    "mic_spacing": 1.4
  },
  "result": {
    "tau_median_ms": -1.2660255755388943,
    "theta_median_deg": -18.069853416284566,
    "theta_error_median_deg": 0.8228687618787198,
    "psr_median_db": -31.497825171168977,
    "per_segment": [
      {
        "tau_ms": -1.251380583470884,
        "psr_db": -19.381812818119993,
        "theta_deg": -17.85374195015737,
        "theta_error_deg": 0.8228687618787198,
        "center_sec": 544.0,
        "prealign": {
          "mode": "gcc_phat",
          "tau_ldv_to_micl_ms": 0.0030867680763048237,
          "psr_ldv_to_micl_db": 31.80030337326543,
          "applied_delay_ms": -0.0030867680763048237
        }
      },
      {
        "tau_ms": -1.256695969934852,
        "psr_db": -31.497825171168977,
        "theta_deg": -17.932148880202725,
        "theta_error_deg": 0.744461831833366,
        "center_sec": 284.0,
        "prealign": {
          "mode": "gcc_phat",
          "tau_ldv_to_micl_ms": -0.00466238197040113,
          "psr_ldv_to_micl_db": 29.545302336614462,
          "applied_delay_ms": 0.00466238197040113
        }
      },
      {
        "tau_ms": -1.4960133709396732,
        "psr_db": -23.491520615479033,
        "theta_deg": -21.501357809134706,
        "theta_error_deg": 2.8247470970986157,
        "center_sec": 314.0,
        "prealign": {
          "mode": "gcc_phat",
          "tau_ldv_to_micl_ms": -0.005053301575772521,
          "psr_ldv_to_micl_db": 31.035438736666293,
          "applied_delay_ms": 0.005053301575772521
        }
      },
      {
        "tau_ms": -1.2660255755388943,
        "psr_db": -32.58640299127836,
        "theta_deg": -18.069853416284566,
        "theta_error_deg": 0.6067572957515246,
        "center_sec": 248.0,
        "prealign": {
          "mode": "gcc_phat",
          "tau_ldv_to_micl_ms": 0.000895995928391601,
          "psr_ldv_to_micl_db": 22.362012184778575,
          "applied_delay_ms": -0.000895995928391601
        }
      },
      {
        "tau_ms": -1.4766440027273022,
        "psr_db": -36.463759221498535,
        "theta_deg": -21.209415827174787,
        "theta_error_deg": 2.5328051151386966,
        "center_sec": 576.0,
        "prealign": {
          "mode": "gcc_phat",
          "tau_ldv_to_micl_ms": 3.0374071930958126,
          "psr_ldv_to_micl_db": 2.717446081397987,
          "applied_delay_ms": -3.0374071930958126
        }
      }
    ]
  },
  "result_raw": {
    "tau_median_ms": -1.2595193927467245,
    "theta_median_deg": -17.97381112616985,
    "theta_error_median_deg": 1.005492737522168,
    "psr_median_db": -18.123076687524286,
    "per_segment": [
      {
        "tau_ms": -1.2389910146283047,
        "psr_db": -9.014070246574018,
        "theta_deg": -17.671117974513923,
        "theta_error_deg": 1.005492737522168,
        "center_sec": 544.0
      },
      {
        "tau_ms": -1.2595193927467245,
        "psr_db": -5.837415729482557,
        "theta_deg": -17.97381112616985,
        "theta_error_deg": 0.7027995858662415,
        "center_sec": 284.0
      },
      {
        "tau_ms": -1.5057645273631202,
        "psr_db": -18.123076687524286,
        "theta_deg": -21.648552208826672,
        "theta_error_deg": 2.9719414967905813,
        "center_sec": 314.0
      },
      {
        "tau_ms": -1.2553789400285453,
        "psr_db": -31.976379526250728,
        "theta_deg": -17.912718225436578,
        "theta_error_deg": 0.7638924865995129,
        "center_sec": 248.0
      },
      {
        "tau_ms": -1.4845938742620892,
        "psr_db": -33.32109704720767,
        "theta_deg": -21.329168777716195,
        "theta_error_deg": 2.652558065680104,
        "center_sec": 576.0
      }
    ]
  },
  "pass_thresholds": {
    "theta_error_max_deg": 5.0,
    "psr_min_db": null
  },
  "passed": true,
  "pass_conditions": {
    "pass_mode": "omp_vs_raw",
    "omp_better_than_raw": true,
    "omp_error_small": true,
    "omp_psr_improved": false,
    "psr_min_db": null,
    "psr_min_ok": true,
    "passed": true
  },
  "pass_mode": "omp_vs_raw",
  "timestamp": "2026-02-11T10:50:00.165322"
}