{
  "generated": "2026-02-14T03:33:19.627489",
  "speaker_id": "18-0.1V",
  "truth_reference": {
    "tau_ref_ms": 1.585930191304251,
    "theta_ref_deg": 22.864486344008302,
    "label": "chirp 29 mic truth-ref (5s)"
  },
  "geometry_truth": {
    "tau_true_ms": 1.450441867492482,
    "theta_true_deg": 20.815402749359603
  },
  "counts": {
    "n_candidate_windows": 501,
    "n_speech_windows": 251,
    "n_silence_windows": 6
  },
  "rms_thresholds": {
    "speech_rms_micl_p50": 0.0016546248325103221
  },
  "coupling": {
    "forbidden_band_count": 39
  },
  "method": {
    "baseline": {
      "theta_error_ref_deg": {
        "count": 251,
        "median": 2.9155503779928296,
        "p90": 6.173203803704915,
        "p95": 6.992676208841695
      },
      "theta_error_geo_deg": {
        "count": 251,
        "median": 3.281498327783545,
        "p90": 7.632181775092828,
        "p95": 8.538798698204202
      },
      "fail_rate_ref_gt5deg": 0.18326693227091634
    },
    "teacher": {
      "theta_error_ref_deg": {
        "count": 251,
        "median": 0.3098542260179933,
        "p90": 0.9714924180716373,
        "p95": 1.3070370140252
      },
      "theta_error_geo_deg": {
        "count": 251,
        "median": 2.0388449327241105,
        "p90": 2.7525580781218615,
        "p95": 2.99767558056174
      },
      "fail_rate_ref_gt5deg": 0.0
    }
  }
}