{
  "generated": "2026-02-14T00:02:50.450132",
  "speaker_id": "22-0.1V",
  "truth_reference": {
    "tau_ref_ms": -1.3070460964186907,
    "theta_ref_deg": -18.67661071203609,
    "label": "chirp 23 mic truth-ref (5s)"
  },
  "geometry_truth": {
    "tau_true_ms": -1.450441867492482,
    "theta_true_deg": -20.815402749359603
  },
  "counts": {
    "n_candidate_windows": 501,
    "n_speech_windows": 251,
    "n_silence_windows": 6
  },
  "rms_thresholds": {
    "speech_rms_micl_p50": 0.0018118447910354532
  },
  "coupling": {
    "forbidden_band_count": 43
  },
  "method": {
    "baseline": {
      "theta_error_ref_deg": {
        "count": 251,
        "median": 4.9583790033915935,
        "p90": 6.724705658593109,
        "p95": 7.356531851137387
      },
      "theta_error_geo_deg": {
        "count": 251,
        "median": 3.638460716556672,
        "p90": 6.607272002220098,
        "p95": 7.21017385949362
      },
      "fail_rate_ref_gt5deg": 0.4940239043824701
    },
    "teacher": {
      "theta_error_ref_deg": {
        "count": 251,
        "median": 0.4159309972613059,
        "p90": 1.1033759213844725,
        "p95": 1.4307210162727433
      },
      "theta_error_geo_deg": {
        "count": 251,
        "median": 2.1890288000731317,
        "p90": 2.9503939088279303,
        "p95": 3.240493741096552
      },
      "fail_rate_ref_gt5deg": 0.0
    }
  }
}