{
  "music": {
    "doa_deg": {
      "count": 56,
      "mean": -14.017857142857142,
      "std": 31.286973025884894,
      "median": -16.5,
      "p10": -48.5,
      "p90": 32.5
    },
    "tau_ms": {
      "count": 56,
      "mean": -0.03158574185310619,
      "std": 0.06745027576153827,
      "median": -0.04140007729881458,
      "p10": -0.10917306163995383,
      "p90": 0.07817746884393661
    },
    "snr_eigen_db": {
      "count": 56,
      "mean": 14.152054615799296,
      "std": 2.910970326103065,
      "median": 14.463055308146648,
      "p10": 10.556381903595927,
      "p90": 17.84880423075154
    },
    "spectrum_psr": {
      "count": 56,
      "mean": 209.77892411916883,
      "std": 859.3367697679871,
      "median": 22.542983560827288,
      "p10": 2.8549155944174798,
      "p90": 162.75708951546167
    }
  },
  "gcc_phat": {
    "tau_ms": {
      "count": 56,
      "mean": -0.14508928571428573,
      "std": 0.594701674214707,
      "median": 0.0,
      "p10": -0.0625,
      "p90": 0.0625
    }
  },
  "music_vs_gcc_phat": {
    "abs_diff_ms_mean": 0.20034477776824142,
    "abs_diff_ms_median": 0.06044860822277695,
    "correlation": 0.04327859243692901
  },
  "config": {
    "fs": 16000,
    "hop_length": 8000,
    "n_fft": 1024,
    "spacing_m": 0.05,
    "c": 343.0,
    "freq_min": 300.0,
    "freq_max": 3000.0,
    "angle_min": -90.0,
    "angle_max": 90.0,
    "angle_step": 1.0,
    "seed": 42
  },
  "num_pairs": 10,
  "total_windows": 56
}