{
  "generated": "2026-02-14T16:39:33.172915",
  "speaker_id": "19-0.1V",
  "truth_reference": {
    "tau_ref_ms": 0.9146816249912124,
    "theta_ref_deg": 12.949784096599064,
    "label": "chirp 28 mic truth-ref (5s)"
  },
  "geometry_truth": {
    "tau_true_ms": 0.7585061238687961,
    "theta_true_deg": 10.709760310799183
  },
  "counts": {
    "n_candidate_windows": 501,
    "n_speech_windows": 251,
    "n_silence_windows": 6
  },
  "rms_thresholds": {
    "speech_rms_micl_p50": 0.0017609058663052284
  },
  "coupling": {
    "coupling_mode": "mic_only",
    "coupling_hard_forbid_enable": false,
    "forbidden_band_count_static_effective": 0,
    "dynamic_coh_gate_enable": true,
    "dynamic_coh_min": 0.05,
    "tau_ref_gate_enable": true,
    "tau_ref_gate_ratio_min": 0.6,
    "forbidden_dyn_count_speech_windows": {
      "min": 7,
      "median": 51.0,
      "p90": 53.0,
      "max": 55
    },
    "forbidden_tau_ref_count_speech_windows": {
      "min": 0,
      "median": 0.0,
      "p90": 1.0,
      "max": 2
    }
  },
  "method": {
    "baseline": {
      "theta_error_ref_deg": {
        "count": 251,
        "median": 4.289654729310151,
        "p90": 4.289654729310151,
        "p95": 4.289654729310151
      },
      "theta_error_geo_deg": {
        "count": 251,
        "median": 2.0496309435102695,
        "p90": 2.0496309435102695,
        "p95": 6.288306880801915
      },
      "fail_rate_ref_gt5deg": 0.0
    },
    "teacher": {
      "theta_error_ref_deg": {
        "count": 251,
        "median": 0.19354033874956045,
        "p90": 0.7165926582445259,
        "p95": 0.8784832628008807
      },
      "theta_error_geo_deg": {
        "count": 251,
        "median": 2.2060158248445187,
        "p90": 2.7169531116719003,
        "p95": 2.906181470093993
      },
      "fail_rate_ref_gt5deg": 0.0
    }
  }
}