{
  "speaker_id": "19-0.1V",
  "signal_pair": "micl_micr",
  "pair_description": "MicL-MicR",
  "ground_truth": {
    "tau_true_ms": 0.7585061238687961,
    "theta_true_deg": 10.709760310799183,
    "d_left": 2.2825424421026654,
    "d_right": 2.0223748416156684,
    "speaker_pos": [
      0.4,
      0.0
    ]
  },
  "truth_reference": {
    "mode": "override",
    "label": "chirp 28 mic truth-ref (5s)",
    "tau_ref_ms": 0.9146816249912124,
    "theta_ref_deg": 12.949784096599064
  },
  "n_segments": 5,
  "segment_mode": "scan",
  "scan_summary": {
    "n_scanned": 501,
    "n_candidates": 501,
    "n_filtered": 455,
    "n_selected": 5,
    "scan_sort_by": "tau_err",
    "scan_psr_min_db": -20.0,
    "scan_tau_err_max_ms": 2.0,
    "scan_ldv_micl_psr_min_db": null
  },
  "segment_centers_sec": [
    593.0,
    471.0,
    154.0,
    338.0,
    232.0
  ],
  "ldv_prealign": "gcc_phat",
  "alignment_mode": "dtmin",
  "dtmin_model_path": null,
  "dtmin_model_metadata": null,
  "config": {
    "fs": 48000,
    "n_fft": 6144,
    "hop_length": 160,
    "max_lag": 50,
    "max_k": 3,
    "tw": 64,
    "freq_min": 100,
    "freq_max": 8000,
    "gcc_max_lag_ms": 10.0,
    "gcc_bandpass_low": 500.0,
    "gcc_bandpass_high": 2000.0,
    "psr_exclude_samples": 50,
    "gcc_guided_peak_radius_ms": 0.3,
    "analysis_slice_sec": 5.0,
    "eval_window_sec": 5.0,
    "segment_spacing_sec": 50.0,
    "segment_offset_sec": 100.0,
    "ldv_prealign": "gcc_phat",
    "alignment_mode": "dtmin",
    "dtmin_model_path": null,
    "speed_of_sound": 343.0,
    "mic_spacing": 1.4
  },
  "result": {
    "tau_median_ms": 0.9154500908688732,
    "theta_median_deg": 12.960853171386214,
    "theta_error_median_deg": 0.01661698556791258,
    "psr_median_db": -10.151222683086289,
    "per_segment": [
      {
        "tau_ms": 0.915391867835103,
        "psr_db": -10.980877548173202,
        "theta_deg": 12.960014502589194,
        "theta_error_deg": 0.010230405990130365,
        "center_sec": 593.0
      },
      {
        "tau_ms": 0.9154500908688732,
        "psr_db": -10.151222683086289,
        "theta_deg": 12.960853171386214,
        "theta_error_deg": 0.011069074787149802,
        "center_sec": 471.0
      },
      {
        "tau_ms": 0.9135279336492867,
        "psr_db": -6.350169784931175,
        "theta_deg": 12.933167111031151,
        "theta_error_deg": 0.01661698556791258,
        "center_sec": 154.0
      },
      {
        "tau_ms": 0.9161804138301781,
        "psr_db": -11.77908052076421,
        "theta_deg": 12.971373287164354,
        "theta_error_deg": 0.021589190565290295,
        "center_sec": 338.0
      },
      {
        "tau_ms": 0.9164818754395843,
        "psr_db": -9.396434037565207,
        "theta_deg": 12.97571589438882,
        "theta_error_deg": 0.02593179778975596,
        "center_sec": 232.0
      }
    ]
  },
  "result_raw": null,
  "pass_thresholds": {
    "theta_error_max_deg": 5.0,
    "psr_min_db": null
  },
  "passed": true,
  "pass_conditions": {
    "pass_mode": "theta_only",
    "alignment_mode": "dtmin",
    "theta_error_small": true,
    "psr_min_db": null,
    "psr_min_ok": true,
    "passed": true
  },
  "pass_mode": "theta_only",
  "timestamp": "2026-02-11T22:15:17.163037"
}