{
  "generated": "2026-02-14T04:05:11.970498",
  "speaker_id": "18-0.1V",
  "truth_reference": {
    "tau_ref_ms": 1.585930191304251,
    "theta_ref_deg": 22.864486344008302,
    "label": "chirp 29 mic truth-ref (5s)"
  },
  "geometry_truth": {
    "tau_true_ms": 1.450441867492482,
    "theta_true_deg": 20.815402749359603
  },
  "counts": {
    "n_candidate_windows": 501,
    "n_speech_windows": 251,
    "n_silence_windows": 6
  },
  "rms_thresholds": {
    "speech_rms_micl_p50": 0.0016546248325103221
  },
  "coupling": {
    "forbidden_band_count": 39
  },
  "method": {
    "baseline": {
      "theta_error_ref_deg": {
        "count": 251,
        "median": 2.4035925401591953,
        "p90": 5.505804369989008,
        "p95": 6.529257490608575
      },
      "theta_error_geo_deg": {
        "count": 251,
        "median": 2.316383593852315,
        "p90": 6.852894296195576,
        "p95": 7.537274511917243
      },
      "fail_rate_ref_gt5deg": 0.15139442231075698
    },
    "teacher": {
      "theta_error_ref_deg": {
        "count": 251,
        "median": 0.3224988280740817,
        "p90": 1.0101502228648584,
        "p95": 1.606556943692988
      },
      "theta_error_geo_deg": {
        "count": 251,
        "median": 1.9772255946126656,
        "p90": 2.734920850316456,
        "p95": 2.991963021691779
      },
      "fail_rate_ref_gt5deg": 0.0
    }
  }
}