{
  "generated": "2026-02-14T18:42:20.514288",
  "speaker_id": "19-0.1V",
  "truth_reference": {
    "tau_ref_ms": 0.9146816249912124,
    "theta_ref_deg": 12.949784096599064,
    "label": "chirp 28 mic truth-ref (5s)"
  },
  "geometry_truth": {
    "tau_true_ms": 0.7585061238687961,
    "theta_true_deg": 10.709760310799183
  },
  "counts": {
    "n_candidate_windows": 501,
    "n_speech_windows": 251,
    "n_silence_windows": 6
  },
  "rms_thresholds": {
    "speech_rms_micl_p50": 0.0017609058663052284
  },
  "coupling": {
    "coupling_mode": "mic_only",
    "coupling_hard_forbid_enable": false,
    "forbidden_band_count_static_effective": 0,
    "dynamic_coh_gate_enable": true,
    "dynamic_coh_min": 0.05,
    "tau_ref_gate_enable": false,
    "tau_ref_gate_ratio_min": 0.6,
    "forbidden_dyn_count_speech_windows": {
      "min": 0,
      "median": 9.0,
      "p90": 16.0,
      "max": 21
    },
    "forbidden_tau_ref_count_speech_windows": {
      "min": 0,
      "median": 0.0,
      "p90": 0.0,
      "max": 0
    }
  },
  "method": {
    "baseline": {
      "theta_error_ref_deg": {
        "count": 251,
        "median": 0.9163937817058727,
        "p90": 1.1616489211536187,
        "p95": 1.2791391606500637
      },
      "theta_error_geo_deg": {
        "count": 251,
        "median": 1.3488741380580436,
        "p90": 1.5540400865895876,
        "p95": 1.6398414653994609
      },
      "fail_rate_ref_gt5deg": 0.0
    },
    "teacher": {
      "theta_error_ref_deg": {
        "count": 251,
        "median": 0.16746244721975323,
        "p90": 0.47807491983629014,
        "p95": 0.5852844117767679
      },
      "theta_error_geo_deg": {
        "count": 251,
        "median": 2.245192249816979,
        "p90": 2.599208205224871,
        "p95": 2.706826153373771
      },
      "fail_rate_ref_gt5deg": 0.0
    }
  }
}