{
  "generated": "2026-02-13T23:32:00.617570",
  "speaker_id": "21-0.1V",
  "truth_reference": {
    "tau_ref_ms": -0.6354575282303851,
    "theta_ref_deg": -8.956647639640721,
    "label": "chirp 24 mic truth-ref (5s)"
  },
  "geometry_truth": {
    "tau_true_ms": -0.7585061238687961,
    "theta_true_deg": -10.709760310799183
  },
  "counts": {
    "n_candidate_windows": 501,
    "n_speech_windows": 251,
    "n_silence_windows": 6
  },
  "rms_thresholds": {
    "speech_rms_micl_p50": 0.0017280344740161358
  },
  "coupling": {
    "forbidden_band_count": 44
  },
  "method": {
    "baseline": {
      "theta_error_ref_deg": {
        "count": 251,
        "median": 1.1320006030253484,
        "p90": 1.2408414018346337,
        "p95": 1.2642753464482182
      },
      "theta_error_geo_deg": {
        "count": 251,
        "median": 2.8851132741838104,
        "p90": 2.9939540729930956,
        "p95": 3.01738801760668
      },
      "fail_rate_ref_gt5deg": 0.0
    },
    "teacher": {
      "theta_error_ref_deg": {
        "count": 251,
        "median": 0.2419449057116161,
        "p90": 0.664361251952517,
        "p95": 0.9254344471276346
      },
      "theta_error_geo_deg": {
        "count": 251,
        "median": 1.709816200935009,
        "p90": 2.239735016534361,
        "p95": 2.4005970154583647
      },
      "fail_rate_ref_gt5deg": 0.0
    }
  }
}