{
  "generated": "2026-02-13T18:36:19.745944",
  "speaker_id": "20-0.1V",
  "band_hz": [
    500.0,
    2000.0
  ],
  "n_bands": 64,
  "band_edges_hz": [
    500.0,
    523.4375,
    546.875,
    570.3125,
    593.75,
    617.1875,
    640.625,
    664.0625,
    687.5,
    710.9375,
    734.375,
    757.8125,
    781.25,
    804.6875,
    828.125,
    851.5625,
    875.0,
    898.4375,
    921.875,
    945.3125,
    968.75,
    992.1875,
    1015.625,
    1039.0625,
    1062.5,
    1085.9375,
    1109.375,
    1132.8125,
    1156.25,
    1179.6875,
    1203.125,
    1226.5625,
    1250.0,
    1273.4375,
    1296.875,
    1320.3125,
    1343.75,
    1367.1875,
    1390.625,
    1414.0625,
    1437.5,
    1460.9375,
    1484.375,
    1507.8125,
    1531.25,
    1554.6875,
    1578.125,
    1601.5625,
    1625.0,
    1648.4375,
    1671.875,
    1695.3125,
    1718.75,
    1742.1875,
    1765.625,
    1789.0625,
    1812.5,
    1835.9375,
    1859.375,
    1882.8125,
    1906.25,
    1929.6875,
    1953.125,
    1976.5625,
    2000.0
  ],
  "silence_percent": 1.0,
  "forbid_gamma2": 0.2,
  "obs_mode": "ldv_mic",
  "cpl_band_max": [
    0.7382959945083867,
    0.6599599997570698,
    0.636324811843774,
    0.48398738007266906,
    0.7460781723279237,
    0.7044162941162145,
    0.6661254271976296,
    0.7040884313878776,
    0.690069676740761,
    0.5903541795018367,
    0.6732765428440599,
    0.5376170796533452,
    0.4296564581464836,
    0.6505480780909203,
    0.6363767797504902,
    0.6282614104009064,
    0.8948115437185459,
    0.7787420596429095,
    0.7570562492098949,
    0.8643570983205033,
    0.7055965231829788,
    0.5522594713836622,
    0.5453976776423904,
    0.652188122614707,
    0.7203139901343918,
    0.3666391116356337,
    0.5146851060955171,
    0.6404778774214852,
    0.7202130482888555,
    0.6728581444134861,
    0.6804174319856021,
    0.4294345022813495,
    0.4515206957405556,
    0.3417836690420654,
    0.37962433201692747,
    0.5083852551862043,
    0.7366818743916748,
    0.6867525346400793,
    0.44919233345104287,
    0.4195362281653401,
    0.5496578677351869,
    0.6977113147301944,
    0.6614572331103905,
    0.6739605234043147,
    0.5318084512106414,
    0.6202097356038705,
    0.7449804212125479,
    0.7256410675111284,
    0.6823403287734109,
    0.5428371601905644,
    0.682358187458172,
    0.6515491118020499,
    0.6414393287047542,
    0.42903591531509966,
    0.4405756273377117,
    0.5982224536489602,
    0.825104685228709,
    0.8651548999950431,
    0.6423602468451355,
    0.8015145171135665,
    0.7255019221244692,
    0.7545924150826946,
    0.7107820695967224,
    0.4399373938427524
  ],
  "cpl_band_mic_only": null,
  "cpl_band_for_obs": [
    0.7382959945083867,
    0.6599599997570698,
    0.636324811843774,
    0.48398738007266906,
    0.7460781723279237,
    0.7044162941162145,
    0.6661254271976296,
    0.7040884313878776,
    0.690069676740761,
    0.5903541795018367,
    0.6732765428440599,
    0.5376170796533452,
    0.4296564581464836,
    0.6505480780909203,
    0.6363767797504902,
    0.6282614104009064,
    0.8948115437185459,
    0.7787420596429095,
    0.7570562492098949,
    0.8643570983205033,
    0.7055965231829788,
    0.5522594713836622,
    0.5453976776423904,
    0.652188122614707,
    0.7203139901343918,
    0.3666391116356337,
    0.5146851060955171,
    0.6404778774214852,
    0.7202130482888555,
    0.6728581444134861,
    0.6804174319856021,
    0.4294345022813495,
    0.4515206957405556,
    0.3417836690420654,
    0.37962433201692747,
    0.5083852551862043,
    0.7366818743916748,
    0.6867525346400793,
    0.44919233345104287,
    0.4195362281653401,
    0.5496578677351869,
    0.6977113147301944,
    0.6614572331103905,
    0.6739605234043147,
    0.5318084512106414,
    0.6202097356038705,
    0.7449804212125479,
    0.7256410675111284,
    0.6823403287734109,
    0.5428371601905644,
    0.682358187458172,
    0.6515491118020499,
    0.6414393287047542,
    0.42903591531509966,
    0.4405756273377117,
    0.5982224536489602,
    0.825104685228709,
    0.8651548999950431,
    0.6423602468451355,
    0.8015145171135665,
    0.7255019221244692,
    0.7545924150826946,
    0.7107820695967224,
    0.4399373938427524
  ],
  "forbidden_bands_raw": [
    0,
    1,
    2,
    3,
    4,
    5,
    6,
    7,
    8,
    9,
    10,
    11,
    12,
    13,
    14,
    15,
    16,
    17,
    18,
    19,
    20,
    21,
    22,
    23,
    24,
    25,
    26,
    27,
    28,
    29,
    30,
    31,
    32,
    33,
    34,
    35,
    36,
    37,
    38,
    39,
    40,
    41,
    42,
    43,
    44,
    45,
    46,
    47,
    48,
    49,
    50,
    51,
    52,
    53,
    54,
    55,
    56,
    57,
    58,
    59,
    60,
    61,
    62,
    63
  ],
  "forbidden_bands_effective": [],
  "forbid_rule_degenerated": true
}