{
  "generated": "2026-02-14T03:32:11.286408",
  "speaker_id": "20-0.1V",
  "truth_reference": {
    "tau_ref_ms": 0.22239289589976383,
    "theta_ref_deg": 3.123379435862821,
    "label": "chirp 25 mic truth-ref (5s)"
  },
  "geometry_truth": {
    "tau_true_ms": 0.0,
    "theta_true_deg": 0.0
  },
  "counts": {
    "n_candidate_windows": 501,
    "n_speech_windows": 251,
    "n_silence_windows": 6
  },
  "rms_thresholds": {
    "speech_rms_micl_p50": 0.0017595765068800931
  },
  "coupling": {
    "forbidden_band_count": 42
  },
  "method": {
    "baseline": {
      "theta_error_ref_deg": {
        "count": 251,
        "median": 2.3324560175190023,
        "p90": 4.759529970383658,
        "p95": 5.6633365372195446
      },
      "theta_error_geo_deg": {
        "count": 251,
        "median": 1.6944118996853805,
        "p90": 6.120259550812045,
        "p95": 7.606131080828712
      },
      "fail_rate_ref_gt5deg": 0.09163346613545817
    },
    "teacher": {
      "theta_error_ref_deg": {
        "count": 251,
        "median": 0.36175998338064685,
        "p90": 0.9499503502068971,
        "p95": 1.340032531424145
      },
      "theta_error_geo_deg": {
        "count": 251,
        "median": 3.1384892284445507,
        "p90": 3.8788794689749753,
        "p95": 4.242873306401949
      },
      "fail_rate_ref_gt5deg": 0.0
    }
  }
}