{
  "generated": "2026-02-14T03:45:28.373828",
  "run_dir": "/home/sbplab/jiawei/data-worktrees/exp-tdoa-cross-correlation/results/claim2_irreducible_occlusion_20260214_005000/snr_m10_occ_lp600_micr/student_ldv_mic",
  "acceptance": {
    "p95_improvement_frac_ge_0p15": false,
    "fail_rate_improvement_frac_ge_0p20": true,
    "median_not_worse_frac_le_0p05": true,
    "overall_pass": false,
    "computed": {
      "p95_improvement_frac": 0.104645752196747,
      "fail_rate_improvement_frac": 0.6140350877158726,
      "median_worsening_frac": -0.010119456760696302
    }
  },
  "corruption": {
    "use_traj_corruption": true,
    "config": {
      "snr_db": -10.0,
      "band_lo_hz": 500.0,
      "band_hi_hz": 2000.0,
      "preclip_gain": 100.0,
      "clip_limit": 0.99,
      "seed": 1337
    },
    "snr_achieved_db_preclip_test": {
      "micl_median": -9.999999999943139,
      "micr_median": -24.346373385328157
    },
    "clip_frac_test": {
      "micl_mean": 0.0043848794549266245,
      "micr_mean": 0.00906589360587002
    }
  },
  "pooled": {
    "baseline": {
      "theta_error_ref_deg": {
        "count": 318,
        "median": 2.6311201105458952,
        "p90": 5.742261988083843,
        "p95": 6.2777610826436865
      },
      "theta_error_geo_deg": {
        "count": 318,
        "median": 2.9739803099694857,
        "p90": 7.2540003413038825,
        "p95": 8.248426913193834
      },
      "fail_rate_ref_gt5deg": 0.1792452830188679
    },
    "student": {
      "theta_error_ref_deg": {
        "count": 318,
        "median": 2.6044946043550175,
        "p90": 4.659776285478896,
        "p95": 5.6208200520388685
      },
      "theta_error_geo_deg": {
        "count": 318,
        "median": 2.6810555026124847,
        "p90": 6.0999744353838645,
        "p95": 6.796290689268
      },
      "fail_rate_ref_gt5deg": 0.06918238993710692
    }
  }
}