{
  "speaker_id": "21-0.1V",
  "signal_pair": "ldv_micl",
  "pair_description": "LDV aligned to MicL (OMP) paired with MicR",
  "ground_truth": {
    "tau_true_ms": -0.7585061238687961,
    "theta_true_deg": -10.709760310799183,
    "d_left": 2.0223748416156684,
    "d_right": 2.2825424421026654,
    "speaker_pos": [
      -0.4,
      0.0
    ]
  },
  "truth_reference": {
    "mode": "geometry",
    "label": null,
    "tau_ref_ms": -0.7585061238687961,
    "theta_ref_deg": -10.709760310799183
  },
  "n_segments": 5,
  "segment_mode": "scan",
  "scan_summary": {
    "n_scanned": 501,
    "n_candidates": 501,
    "n_filtered": 379,
    "n_selected": 5,
    "scan_sort_by": "tau_err",
    "scan_psr_min_db": -20.0,
    "scan_tau_err_max_ms": 2.0,
    "scan_ldv_micl_psr_min_db": null
  },
  "segment_centers_sec": [
    373.0,
    485.0,
    240.0,
    598.0,
    417.0
  ],
  "ldv_prealign": "gcc_phat",
  "config": {
    "fs": 48000,
    "n_fft": 6144,
    "hop_length": 160,
    "max_lag": 50,
    "max_k": 3,
    "tw": 64,
    "freq_min": 100,
    "freq_max": 8000,
    "gcc_max_lag_ms": 10.0,
    "gcc_bandpass_low": 500.0,
    "gcc_bandpass_high": 2000.0,
    "psr_exclude_samples": 50,
    "gcc_guided_peak_radius_ms": 0.3,
    "analysis_slice_sec": 5.0,
    "eval_window_sec": 5.0,
    "segment_spacing_sec": 50.0,
    "segment_offset_sec": 100.0,
    "ldv_prealign": "gcc_phat",
    "speed_of_sound": 343.0,
    "mic_spacing": 1.4
  },
  "result": {
    "tau_median_ms": -0.6019604132419255,
    "theta_median_deg": -8.480934442402047,
    "theta_error_median_deg": 2.228825868397136,
    "psr_median_db": 1.1417963649750056,
    "per_segment": [
      {
        "tau_ms": -0.6272140296973081,
        "psr_db": -2.639876416872762,
        "theta_deg": -8.839520164686991,
        "theta_error_deg": 1.8702401461121916,
        "center_sec": 373.0,
        "prealign": {
          "mode": "gcc_phat",
          "tau_ldv_to_micl_ms": -0.010817915866142804,
          "psr_ldv_to_micl_db": 30.262927197447922,
          "applied_delay_ms": 0.010817915866142804
        }
      },
      {
        "tau_ms": -0.5430759414040257,
        "psr_db": -3.712781697598361,
        "theta_deg": -7.646084359311849,
        "theta_error_deg": 3.063675951487334,
        "center_sec": 485.0,
        "prealign": {
          "mode": "gcc_phat",
          "tau_ldv_to_micl_ms": -0.020691180292408462,
          "psr_ldv_to_micl_db": 29.20299319121223,
          "applied_delay_ms": 0.020691180292408462
        }
      },
      {
        "tau_ms": -0.6019604132419255,
        "psr_db": 1.3044610862680084,
        "theta_deg": -8.480934442402047,
        "theta_error_deg": 2.228825868397136,
        "center_sec": 240.0,
        "prealign": {
          "mode": "gcc_phat",
          "tau_ldv_to_micl_ms": -0.022123169223597947,
          "psr_ldv_to_micl_db": 12.89797461684774,
          "applied_delay_ms": 0.022123169223597947
        }
      },
      {
        "tau_ms": -0.5277820979506895,
        "psr_db": 1.1417963649750056,
        "theta_deg": -7.429526040182346,
        "theta_error_deg": 3.2802342706168366,
        "center_sec": 598.0,
        "prealign": {
          "mode": "gcc_phat",
          "tau_ldv_to_micl_ms": -0.014631782639221155,
          "psr_ldv_to_micl_db": 5.045955711060934,
          "applied_delay_ms": 0.014631782639221155
        }
      },
      {
        "tau_ms": -0.6728988472466984,
        "psr_db": 2.5563544611073032,
        "theta_deg": -9.48911432221252,
        "theta_error_deg": 1.2206459885866625,
        "center_sec": 417.0,
        "prealign": {
          "mode": "gcc_phat",
          "tau_ldv_to_micl_ms": -0.015245430461065754,
          "psr_ldv_to_micl_db": 19.890020206716837,
          "applied_delay_ms": 0.015245430461065754
        }
      }
    ]
  },
  "pass_thresholds": {
    "theta_error_max_deg": 5.0,
    "psr_min_db": null
  },
  "passed": true,
  "timestamp": "2026-02-11T09:56:56.577006"
}