{
  "generated": "2026-02-14T18:38:31.063665",
  "run_dir": "/home/sbplab/jiawei/data-worktrees/exp-tdoa-cross-correlation/results/claim2_coherence_trap_sweep_20260214_183626/cm_snr_+20db/teacher_mic_only_control",
  "pooled": {
    "baseline": {
      "theta_error_ref_deg": {
        "count": 1255,
        "median": 4.178130450107927,
        "p90": 4.569688610081119,
        "p95": 4.625099483103288
      },
      "theta_error_geo_deg": {
        "count": 1255,
        "median": 2.5206050154324195,
        "p90": 6.482698513632467,
        "p95": 6.663399746701831
      },
      "fail_rate_ref_gt5deg": 0.0
    },
    "teacher": {
      "theta_error_ref_deg": {
        "count": 1255,
        "median": 0.33866827808498456,
        "p90": 1.4253618389710039,
        "p95": 1.804910282523306
      },
      "theta_error_geo_deg": {
        "count": 1255,
        "median": 2.378824387513255,
        "p90": 3.4225997924812366,
        "p95": 3.6884867685181897
      },
      "fail_rate_ref_gt5deg": 0.0
    }
  },
  "teacher_sanity_gate": {
    "median_not_worse_frac_le_0p05": true,
    "computed": {
      "median_worsening_frac": -0.9189426270601112
    }
  }
}