{
  "generated": "2026-02-14T03:53:58.775439",
  "run_dir": "/home/sbplab/jiawei/data-worktrees/exp-tdoa-cross-correlation/results/claim2_irreducible_occlusion_20260214_005000/snr_p0_occ_tilt2_micr/student_ldv_mic",
  "acceptance": {
    "p95_improvement_frac_ge_0p15": true,
    "fail_rate_improvement_frac_ge_0p20": true,
    "median_not_worse_frac_le_0p05": false,
    "overall_pass": false,
    "computed": {
      "p95_improvement_frac": 0.36195011950280415,
      "fail_rate_improvement_frac": 0.5316455696181132,
      "median_worsening_frac": 0.09481089028469368
    }
  },
  "corruption": {
    "use_traj_corruption": true,
    "config": {
      "snr_db": 0.0,
      "band_lo_hz": 500.0,
      "band_hi_hz": 2000.0,
      "preclip_gain": 100.0,
      "clip_limit": 0.99,
      "seed": 1337
    },
    "snr_achieved_db_preclip_test": {
      "micl_median": 3.6644443729024755e-14,
      "micr_median": -1.9838471109027895
    },
    "clip_frac_test": {
      "micl_mean": 0.0016959119496855347,
      "micr_mean": 0.006270086477987421
    }
  },
  "pooled": {
    "baseline": {
      "theta_error_ref_deg": {
        "count": 318,
        "median": 2.386346439026074,
        "p90": 6.705914850520008,
        "p95": 9.036012239800483
      },
      "theta_error_geo_deg": {
        "count": 318,
        "median": 2.8948040283404697,
        "p90": 7.142713015361381,
        "p95": 8.167947091986628
      },
      "fail_rate_ref_gt5deg": 0.24842767295597484
    },
    "student": {
      "theta_error_ref_deg": {
        "count": 318,
        "median": 2.612598069437939,
        "p90": 5.194986476533529,
        "p95": 5.765426529775535
      },
      "theta_error_geo_deg": {
        "count": 318,
        "median": 2.7079550928409057,
        "p90": 6.292805329016085,
        "p95": 6.950407713199716
      },
      "fail_rate_ref_gt5deg": 0.11635220125786164
    }
  }
}