{
  "generated": "2026-02-14T14:48:16.927288",
  "speaker_id": "21-0.1V",
  "truth_reference": {
    "tau_ref_ms": -0.6354575282303851,
    "theta_ref_deg": -8.956647639640721,
    "label": "chirp 24 mic truth-ref (5s)"
  },
  "geometry_truth": {
    "tau_true_ms": -0.7585061238687961,
    "theta_true_deg": -10.709760310799183
  },
  "counts": {
    "n_candidate_windows": 501,
    "n_speech_windows": 251,
    "n_silence_windows": 6
  },
  "rms_thresholds": {
    "speech_rms_micl_p50": 0.0017280344740161358
  },
  "coupling": {
    "coupling_mode": "mic_only",
    "coupling_hard_forbid_enable": false,
    "forbidden_band_count_static_effective": 0,
    "dynamic_coh_gate_enable": true,
    "dynamic_coh_min": 0.05,
    "forbidden_dyn_count_speech_windows": {
      "min": 6,
      "median": 51.0,
      "p90": 53.0,
      "max": 55
    }
  },
  "method": {
    "baseline": {
      "theta_error_ref_deg": {
        "count": 251,
        "median": 4.858001612451911,
        "p90": 6.551001913319709,
        "p95": 7.784063794436495
      },
      "theta_error_geo_deg": {
        "count": 251,
        "median": 3.3432062650556604,
        "p90": 6.978864122246409,
        "p95": 8.00671685427822
      },
      "fail_rate_ref_gt5deg": 0.450199203187251
    },
    "teacher": {
      "theta_error_ref_deg": {
        "count": 251,
        "median": 1.1704767723729361,
        "p90": 2.3058484960328114,
        "p95": 2.642949683387071
      },
      "theta_error_geo_deg": {
        "count": 251,
        "median": 2.3265695685814336,
        "p90": 3.7142107177026578,
        "p95": 3.904424365405721
      },
      "fail_rate_ref_gt5deg": 0.0
    }
  }
}