{
  "speaker_id": "22-0.1V",
  "signal_pair": "ldv_micl",
  "pair_description": "LDV aligned to MicL (OMP) paired with MicR",
  "ground_truth": {
    "tau_true_ms": -1.450441867492482,
    "theta_true_deg": -20.815402749359603,
    "d_left": 2.0024984394500787,
    "d_right": 2.5,
    "speaker_pos": [
      -0.8,
      0.0
    ]
  },
  "truth_reference": {
    "mode": "override",
    "label": "chirp 23 mic truth-ref (5s)",
    "tau_ref_ms": -1.3070460964186907,
    "theta_ref_deg": -18.67661071203609
  },
  "n_segments": 5,
  "segment_mode": "scan",
  "scan_summary": {
    "n_scanned": 501,
    "n_candidates": 501,
    "n_filtered": 501,
    "n_selected": 5,
    "scan_sort_by": "tau_err",
    "scan_psr_min_db": -20.0,
    "scan_tau_err_max_ms": 2.0,
    "scan_ldv_micl_psr_min_db": null
  },
  "segment_centers_sec": [
    395.0,
    112.0,
    449.0,
    163.0,
    234.0
  ],
  "ldv_prealign": "gcc_phat",
  "config": {
    "fs": 48000,
    "n_fft": 6144,
    "hop_length": 160,
    "max_lag": 50,
    "max_k": 3,
    "tw": 64,
    "freq_min": 100,
    "freq_max": 8000,
    "gcc_max_lag_ms": 10.0,
    "gcc_bandpass_low": 0.0,
    "gcc_bandpass_high": 0.0,
    "psr_exclude_samples": 50,
    "gcc_guided_peak_radius_ms": 0.3,
    "analysis_slice_sec": 5.0,
    "eval_window_sec": 5.0,
    "segment_spacing_sec": 50.0,
    "segment_offset_sec": 100.0,
    "ldv_prealign": "gcc_phat",
    "speed_of_sound": 343.0,
    "mic_spacing": 1.4
  },
  "result": {
    "tau_median_ms": -1.548823821960516,
    "theta_median_deg": -22.30035155276088,
    "theta_error_median_deg": 3.623740840724789,
    "psr_median_db": 2.8421515539929465,
    "per_segment": [
      {
        "tau_ms": -1.548823821960516,
        "psr_db": 3.9842969419613357,
        "theta_deg": -22.30035155276088,
        "theta_error_deg": 3.623740840724789,
        "center_sec": 395.0,
        "prealign": {
          "mode": "gcc_phat",
          "tau_ldv_to_micl_ms": 2.8814632870614494,
          "psr_ldv_to_micl_db": 4.250219964504861,
          "applied_delay_ms": -2.8814632870614494
        }
      },
      {
        "tau_ms": -1.5533898165837634,
        "psr_db": 2.5430106460515303,
        "theta_deg": -22.369645108618194,
        "theta_error_deg": 3.693034396582103,
        "center_sec": 112.0,
        "prealign": {
          "mode": "gcc_phat",
          "tau_ldv_to_micl_ms": 2.877340807341659,
          "psr_ldv_to_micl_db": 3.9045454898241365,
          "applied_delay_ms": -2.877340807341659
        }
      },
      {
        "tau_ms": -1.4453934576297411,
        "psr_db": 1.658042171792966,
        "theta_deg": -20.739606452277474,
        "theta_error_deg": 2.0629957402413837,
        "center_sec": 449.0,
        "prealign": {
          "mode": "gcc_phat",
          "tau_ldv_to_micl_ms": 3.022756737212146,
          "psr_ldv_to_micl_db": 3.3820497930791382,
          "applied_delay_ms": -3.022756737212146
        }
      },
      {
        "tau_ms": -1.550733141651479,
        "psr_db": 2.8964054033494406,
        "theta_deg": -22.329323209394374,
        "theta_error_deg": 3.6527124973582836,
        "center_sec": 163.0,
        "prealign": {
          "mode": "gcc_phat",
          "tau_ldv_to_micl_ms": 2.875800345084661,
          "psr_ldv_to_micl_db": 3.931753951699901,
          "applied_delay_ms": -2.875800345084661
        }
      },
      {
        "tau_ms": -1.5384040370132541,
        "psr_db": 2.8421515539929465,
        "theta_deg": -22.142349255442564,
        "theta_error_deg": 3.4657385434064736,
        "center_sec": 234.0,
        "prealign": {
          "mode": "gcc_phat",
          "tau_ldv_to_micl_ms": 2.86400447050083,
          "psr_ldv_to_micl_db": 4.571873122980963,
          "applied_delay_ms": -2.86400447050083
        }
      }
    ]
  },
  "pass_thresholds": {
    "theta_error_max_deg": 5.0,
    "psr_min_db": null
  },
  "passed": true,
  "timestamp": "2026-02-11T09:41:11.608388"
}