{
  "speaker_id": "22-0.1V",
  "signal_pair": "ldv_micl",
  "pair_description": "LDV aligned to MicL (OMP) paired with MicR",
  "ground_truth": {
    "tau_true_ms": -1.450441867492482,
    "theta_true_deg": -20.815402749359603,
    "d_left": 2.0024984394500787,
    "d_right": 2.5,
    "speaker_pos": [
      -0.8,
      0.0
    ]
  },
  "truth_reference": {
    "mode": "geometry",
    "label": null,
    "tau_ref_ms": -1.450441867492482,
    "theta_ref_deg": -20.815402749359603
  },
  "n_segments": 5,
  "segment_mode": "scan",
  "scan_summary": {
    "n_scanned": 501,
    "n_candidates": 501,
    "n_filtered": 169,
    "n_selected": 5,
    "scan_sort_by": "tau_err",
    "scan_psr_min_db": -20.0,
    "scan_tau_err_max_ms": 2.0,
    "scan_ldv_micl_psr_min_db": null
  },
  "segment_centers_sec": [
    193.0,
    496.0,
    598.0,
    407.0,
    147.0
  ],
  "ldv_prealign": "gcc_phat",
  "config": {
    "fs": 48000,
    "n_fft": 6144,
    "hop_length": 160,
    "max_lag": 50,
    "max_k": 3,
    "tw": 64,
    "freq_min": 100,
    "freq_max": 8000,
    "gcc_max_lag_ms": 10.0,
    "gcc_bandpass_low": 500.0,
    "gcc_bandpass_high": 2000.0,
    "psr_exclude_samples": 50,
    "gcc_guided_peak_radius_ms": 0.3,
    "analysis_slice_sec": 5.0,
    "eval_window_sec": 5.0,
    "segment_spacing_sec": 50.0,
    "segment_offset_sec": 100.0,
    "ldv_prealign": "gcc_phat",
    "speed_of_sound": 343.0,
    "mic_spacing": 1.4
  },
  "result": {
    "tau_median_ms": -1.277289966237693,
    "theta_median_deg": -18.236259392053444,
    "theta_error_median_deg": 2.579143357306158,
    "psr_median_db": -27.33411595367883,
    "per_segment": [
      {
        "tau_ms": -1.2659114785398886,
        "psr_db": -0.42802041845272465,
        "theta_deg": -18.068168699413054,
        "theta_error_deg": 2.747234049946549,
        "center_sec": 193.0,
        "prealign": {
          "mode": "gcc_phat",
          "tau_ldv_to_micl_ms": 0.0014200391337887853,
          "psr_ldv_to_micl_db": 33.321042693549636,
          "applied_delay_ms": -0.0014200391337887853
        }
      },
      {
        "tau_ms": -1.3072816013931297,
        "psr_db": -35.248531860505864,
        "theta_deg": -18.680100402467442,
        "theta_error_deg": 2.1353023468921606,
        "center_sec": 496.0,
        "prealign": {
          "mode": "gcc_phat",
          "tau_ldv_to_micl_ms": 0.038653712535487,
          "psr_ldv_to_micl_db": 14.521715140440694,
          "applied_delay_ms": -0.038653712535487
        }
      },
      {
        "tau_ms": -1.5171730467539897,
        "psr_db": -37.744435742121695,
        "theta_deg": -21.82095544134101,
        "theta_error_deg": 1.005552691981407,
        "center_sec": 598.0,
        "prealign": {
          "mode": "gcc_phat",
          "tau_ldv_to_micl_ms": -0.01517615231328525,
          "psr_ldv_to_micl_db": 21.937413409090162,
          "applied_delay_ms": 0.01517615231328525
        }
      },
      {
        "tau_ms": -1.277289966237693,
        "psr_db": -14.228093571761422,
        "theta_deg": -18.236259392053444,
        "theta_error_deg": 2.579143357306158,
        "center_sec": 407.0,
        "prealign": {
          "mode": "gcc_phat",
          "tau_ldv_to_micl_ms": -0.0021671751589503086,
          "psr_ldv_to_micl_db": 32.85367831097633,
          "applied_delay_ms": 0.0021671751589503086
        }
      },
      {
        "tau_ms": -1.2379323222118175,
        "psr_db": -27.33411595367883,
        "theta_deg": -17.655521326139592,
        "theta_error_deg": 3.1598814232200105,
        "center_sec": 147.0,
        "prealign": {
          "mode": "gcc_phat",
          "tau_ldv_to_micl_ms": -0.0017602364980785553,
          "psr_ldv_to_micl_db": 34.437623057845656,
          "applied_delay_ms": 0.0017602364980785553
        }
      }
    ]
  },
  "result_raw": {
    "tau_median_ms": -1.2658024889798636,
    "theta_median_deg": -18.066559412312845,
    "theta_error_median_deg": 2.7488433370467575,
    "psr_median_db": -25.45479689478531,
    "per_segment": [
      {
        "tau_ms": -1.2603729681740385,
        "psr_db": -1.7897299020380415,
        "theta_deg": -17.986408364283605,
        "theta_error_deg": 2.8289943850759975,
        "center_sec": 193.0
      },
      {
        "tau_ms": -1.2658024889798636,
        "psr_db": -35.700704290482776,
        "theta_deg": -18.066559412312845,
        "theta_error_deg": 2.7488433370467575,
        "center_sec": 496.0
      },
      {
        "tau_ms": -1.50587293413514,
        "psr_db": -34.412978341178594,
        "theta_deg": -21.65018945854145,
        "theta_error_deg": 0.8347867091818486,
        "center_sec": 598.0
      },
      {
        "tau_ms": -1.27024276159515,
        "psr_db": -11.147415379960092,
        "theta_deg": -18.132134283799864,
        "theta_error_deg": 2.6832684655597383,
        "center_sec": 407.0
      },
      {
        "tau_ms": -1.2401678616452156,
        "psr_db": -25.45479689478531,
        "theta_deg": -17.688456863182697,
        "theta_error_deg": 3.1269458861769053,
        "center_sec": 147.0
      }
    ]
  },
  "pass_thresholds": {
    "theta_error_max_deg": 5.0,
    "psr_min_db": null
  },
  "passed": true,
  "pass_conditions": {
    "pass_mode": "omp_vs_raw",
    "omp_better_than_raw": true,
    "omp_error_small": true,
    "omp_psr_improved": false,
    "psr_min_db": null,
    "psr_min_ok": true,
    "passed": true
  },
  "pass_mode": "omp_vs_raw",
  "timestamp": "2026-02-11T11:00:14.214326"
}