{
  "generated": "2026-02-14T03:40:35.275940",
  "speaker_id": "20-0.1V",
  "truth_reference": {
    "tau_ref_ms": 0.22239289589976383,
    "theta_ref_deg": 3.123379435862821,
    "label": "chirp 25 mic truth-ref (5s)"
  },
  "geometry_truth": {
    "tau_true_ms": 0.0,
    "theta_true_deg": 0.0
  },
  "counts": {
    "n_candidate_windows": 501,
    "n_speech_windows": 251,
    "n_silence_windows": 6
  },
  "rms_thresholds": {
    "speech_rms_micl_p50": 0.0017595765068800931
  },
  "coupling": {
    "forbidden_band_count": 42
  },
  "method": {
    "baseline": {
      "theta_error_ref_deg": {
        "count": 251,
        "median": 2.2504033772637073,
        "p90": 4.835507546169511,
        "p95": 5.555333017688828
      },
      "theta_error_geo_deg": {
        "count": 251,
        "median": 2.938794663151547,
        "p90": 7.486751372481492,
        "p95": 8.272223846518616
      },
      "fail_rate_ref_gt5deg": 0.08366533864541832
    },
    "teacher": {
      "theta_error_ref_deg": {
        "count": 251,
        "median": 0.35929557592064754,
        "p90": 1.0807970598424332,
        "p95": 1.2827383924842901
      },
      "theta_error_geo_deg": {
        "count": 251,
        "median": 3.147883970059538,
        "p90": 4.058222228134645,
        "p95": 4.321737489060359
      },
      "fail_rate_ref_gt5deg": 0.0
    }
  }
}