{
  "generated": "2026-02-14T19:01:57.199445",
  "run_dir": "/home/sbplab/jiawei/data-worktrees/exp-tdoa-cross-correlation/results/claim2_coherence_trap_ablation_smoke_20260214_190130/student/mic_only_psd_only",
  "acceptance": {
    "p95_improvement_frac_ge_0p15": false,
    "fail_rate_improvement_frac_ge_0p20": false,
    "median_not_worse_frac_le_0p05": true,
    "overall_pass": false,
    "computed": {
      "p95_improvement_frac": -0.015612091911820817,
      "fail_rate_improvement_frac": 0.0,
      "median_worsening_frac": -0.007547383072666893
    }
  },
  "corruption": {
    "use_traj_corruption": true,
    "config": {
      "snr_db": 0.0,
      "band_lo_hz": 500.0,
      "band_hi_hz": 2000.0,
      "preclip_gain": 100.0,
      "clip_limit": 0.99,
      "seed": 1337
    },
    "snr_achieved_db_preclip_test": {
      "micl_median": 3.0231249686655137,
      "micr_median": 4.227613854419967
    },
    "clip_frac_test": {
      "micl_mean": 1.7708333333333335e-05,
      "micr_mean": 0.0005708333333333333
    }
  },
  "pooled": {
    "baseline": {
      "theta_error_ref_deg": {
        "count": 4,
        "median": 3.1290486339721935,
        "p90": 3.141179354438902,
        "p95": 3.142459027680982
      },
      "theta_error_geo_deg": {
        "count": 4,
        "median": 0.016093687586640905,
        "p90": 0.053637136926679665,
        "p95": 0.06076810946948789
      },
      "fail_rate_ref_gt5deg": 0.0
    },
    "student": {
      "theta_error_ref_deg": {
        "count": 4,
        "median": 3.1054325052785927,
        "p90": 3.1845956274058977,
        "p95": 3.1915193868502842
      },
      "theta_error_geo_deg": {
        "count": 4,
        "median": 0.06665775236920429,
        "p90": 0.07309949613249872,
        "p95": 0.07408160328217436
      },
      "fail_rate_ref_gt5deg": 0.0
    }
  }
}