{
  "generated": "2026-02-14T03:11:51.907357",
  "run_dir": "/home/sbplab/jiawei/data-worktrees/exp-tdoa-cross-correlation/results/claim2_irreducible_occlusion_20260214_005000/snr_m5_occ_lp800_micr/student_ldv_mic",
  "acceptance": {
    "p95_improvement_frac_ge_0p15": true,
    "fail_rate_improvement_frac_ge_0p20": true,
    "median_not_worse_frac_le_0p05": true,
    "overall_pass": true,
    "computed": {
      "p95_improvement_frac": 0.34361518087711906,
      "fail_rate_improvement_frac": 0.8318584070773051,
      "median_worsening_frac": -0.37506425276318
    }
  },
  "corruption": {
    "use_traj_corruption": true,
    "config": {
      "snr_db": -5.0,
      "band_lo_hz": 500.0,
      "band_hi_hz": 2000.0,
      "preclip_gain": 100.0,
      "clip_limit": 0.99,
      "seed": 1337
    },
    "snr_achieved_db_preclip_test": {
      "micl_median": -4.99999999998362,
      "micr_median": -10.001490332776214
    },
    "clip_frac_test": {
      "micl_mean": 0.0017687631027253669,
      "micr_mean": 0.006709040880503144
    }
  },
  "pooled": {
    "baseline": {
      "theta_error_ref_deg": {
        "count": 318,
        "median": 4.46485113895438,
        "p90": 6.964021198042886,
        "p95": 8.23607215404411
      },
      "theta_error_geo_deg": {
        "count": 318,
        "median": 3.79920565976725,
        "p90": 7.7550148314730425,
        "p95": 8.982987922124948
      },
      "fail_rate_ref_gt5deg": 0.3553459119496855
    },
    "student": {
      "theta_error_ref_deg": {
        "count": 318,
        "median": 2.790245082823247,
        "p90": 4.621296820698965,
        "p95": 5.406032731114896
      },
      "theta_error_geo_deg": {
        "count": 318,
        "median": 2.6910282113254818,
        "p90": 6.242719399910598,
        "p95": 6.751681510938014
      },
      "fail_rate_ref_gt5deg": 0.059748427672955975
    }
  }
}