{
  "generated": "2026-02-13T18:38:27.949937",
  "speaker_id": "18-0.1V",
  "band_hz": [
    500.0,
    2000.0
  ],
  "n_bands": 64,
  "band_edges_hz": [
    500.0,
    523.4375,
    546.875,
    570.3125,
    593.75,
    617.1875,
    640.625,
    664.0625,
    687.5,
    710.9375,
    734.375,
    757.8125,
    781.25,
    804.6875,
    828.125,
    851.5625,
    875.0,
    898.4375,
    921.875,
    945.3125,
    968.75,
    992.1875,
    1015.625,
    1039.0625,
    1062.5,
    1085.9375,
    1109.375,
    1132.8125,
    1156.25,
    1179.6875,
    1203.125,
    1226.5625,
    1250.0,
    1273.4375,
    1296.875,
    1320.3125,
    1343.75,
    1367.1875,
    1390.625,
    1414.0625,
    1437.5,
    1460.9375,
    1484.375,
    1507.8125,
    1531.25,
    1554.6875,
    1578.125,
    1601.5625,
    1625.0,
    1648.4375,
    1671.875,
    1695.3125,
    1718.75,
    1742.1875,
    1765.625,
    1789.0625,
    1812.5,
    1835.9375,
    1859.375,
    1882.8125,
    1906.25,
    1929.6875,
    1953.125,
    1976.5625,
    2000.0
  ],
  "silence_percent": 1.0,
  "forbid_gamma2": 0.2,
  "obs_mode": "mic_only_strict",
  "cpl_band_max": [
    0.7107667484777349,
    0.612922102838465,
    0.6594301595277077,
    0.534040620414313,
    0.7096443442288963,
    0.6845255250810051,
    0.6107758671813315,
    0.6883292065591382,
    0.6756784968239673,
    0.808445627126074,
    0.7146563124137062,
    0.4768840475888134,
    0.3555118957671446,
    0.60437951238024,
    0.5889592731430267,
    0.5903143950970917,
    0.8889221327994996,
    0.7339037438097391,
    0.7056711508105021,
    0.8558180358121896,
    0.6085085050989045,
    0.498859904147804,
    0.5945214197491182,
    0.813285601643371,
    0.731504339852066,
    0.3713864027311168,
    0.4798628068469078,
    0.6250843899542722,
    0.7899836937317839,
    0.7449515245564788,
    0.6561778460590556,
    0.4926599402134778,
    0.5375156935614989,
    0.4181005459254489,
    0.3719132727607408,
    0.542116323445802,
    0.8464501894993779,
    0.8759731407667062,
    0.659959518851633,
    0.6329615221223504,
    0.6168934774902763,
    0.7870947689404089,
    0.6539184972819994,
    0.6668230825352425,
    0.5773654109806077,
    0.632234418574061,
    0.7687721572804762,
    0.697604123901227,
    0.6893272040460502,
    0.5114786147755482,
    0.6451412757109498,
    0.7324324868420979,
    0.7718315094298993,
    0.7652515784986815,
    0.6208705344189883,
    0.6240448977935571,
    0.8393941869102679,
    0.8851950307463364,
    0.6188550705646656,
    0.8127262150655594,
    0.6720303769240978,
    0.6593923763000961,
    0.5927034857399235,
    0.496132132651724
  ],
  "cpl_band_mic_only": [
    0.69537531511035,
    0.38989927061912283,
    0.2611451443849915,
    0.19721873067700246,
    0.7096443442288963,
    0.6845255250810051,
    0.6107758671813315,
    0.6883292065591382,
    0.580904932801194,
    0.2880751090106732,
    0.3319091703047841,
    0.4451885232457853,
    0.23309962842376827,
    0.430158541139467,
    0.2909589769515853,
    0.42617448433074534,
    0.8889221327994996,
    0.7339037438097391,
    0.7056711508105021,
    0.8558180358121896,
    0.6085085050989045,
    0.4930021854955209,
    0.3805630373704625,
    0.09543337296628576,
    0.20591850989123878,
    0.32419798945088873,
    0.2875969532680277,
    0.36439670276052694,
    0.3673031750473146,
    0.6516240252576415,
    0.6561778460590556,
    0.2931247316558708,
    0.44557446631515607,
    0.22842611565975265,
    0.1339498133406301,
    0.5187580889799189,
    0.4281014155395425,
    0.18115262323775155,
    0.0486456979668202,
    0.18680409565376788,
    0.12405723698539109,
    0.1869275221971799,
    0.2777751712006354,
    0.14833018425098032,
    0.09343488951504295,
    0.07326391580724737,
    0.05268199101283651,
    0.05316565113692568,
    0.17584185641356934,
    0.11347314138618503,
    0.04555750493957603,
    0.12362396483811909,
    0.1337135027532132,
    0.1953489771469227,
    0.35403076368140235,
    0.6240448977935571,
    0.8393941869102679,
    0.8851950307463364,
    0.1898285425831194,
    0.03547740842268143,
    0.029145989212223923,
    0.05313241808401564,
    0.05290012029730021,
    0.02184429367223368
  ],
  "cpl_band_for_obs": [
    0.69537531511035,
    0.38989927061912283,
    0.2611451443849915,
    0.19721873067700246,
    0.7096443442288963,
    0.6845255250810051,
    0.6107758671813315,
    0.6883292065591382,
    0.580904932801194,
    0.2880751090106732,
    0.3319091703047841,
    0.4451885232457853,
    0.23309962842376827,
    0.430158541139467,
    0.2909589769515853,
    0.42617448433074534,
    0.8889221327994996,
    0.7339037438097391,
    0.7056711508105021,
    0.8558180358121896,
    0.6085085050989045,
    0.4930021854955209,
    0.3805630373704625,
    0.09543337296628576,
    0.20591850989123878,
    0.32419798945088873,
    0.2875969532680277,
    0.36439670276052694,
    0.3673031750473146,
    0.6516240252576415,
    0.6561778460590556,
    0.2931247316558708,
    0.44557446631515607,
    0.22842611565975265,
    0.1339498133406301,
    0.5187580889799189,
    0.4281014155395425,
    0.18115262323775155,
    0.0486456979668202,
    0.18680409565376788,
    0.12405723698539109,
    0.1869275221971799,
    0.2777751712006354,
    0.14833018425098032,
    0.09343488951504295,
    0.07326391580724737,
    0.05268199101283651,
    0.05316565113692568,
    0.17584185641356934,
    0.11347314138618503,
    0.04555750493957603,
    0.12362396483811909,
    0.1337135027532132,
    0.1953489771469227,
    0.35403076368140235,
    0.6240448977935571,
    0.8393941869102679,
    0.8851950307463364,
    0.1898285425831194,
    0.03547740842268143,
    0.029145989212223923,
    0.05313241808401564,
    0.05290012029730021,
    0.02184429367223368
  ],
  "forbidden_bands_raw": [
    0,
    1,
    2,
    3,
    4,
    5,
    6,
    7,
    8,
    9,
    10,
    11,
    12,
    13,
    14,
    15,
    16,
    17,
    18,
    19,
    20,
    21,
    22,
    23,
    24,
    25,
    26,
    27,
    28,
    29,
    30,
    31,
    32,
    33,
    34,
    35,
    36,
    37,
    38,
    39,
    40,
    41,
    42,
    43,
    44,
    45,
    46,
    47,
    48,
    49,
    50,
    51,
    52,
    53,
    54,
    55,
    56,
    57,
    58,
    59,
    60,
    61,
    62,
    63
  ],
  "forbidden_bands_effective": [],
  "forbid_rule_degenerated": true
}