{
  "generated": "2026-02-14T03:57:49.431953",
  "speaker_id": "21-0.1V",
  "truth_reference": {
    "tau_ref_ms": -0.6354575282303851,
    "theta_ref_deg": -8.956647639640721,
    "label": "chirp 24 mic truth-ref (5s)"
  },
  "geometry_truth": {
    "tau_true_ms": -0.7585061238687961,
    "theta_true_deg": -10.709760310799183
  },
  "counts": {
    "n_candidate_windows": 501,
    "n_speech_windows": 251,
    "n_silence_windows": 6
  },
  "rms_thresholds": {
    "speech_rms_micl_p50": 0.0017280344740161358
  },
  "coupling": {
    "forbidden_band_count": 44
  },
  "method": {
    "baseline": {
      "theta_error_ref_deg": {
        "count": 251,
        "median": 2.8796203159637948,
        "p90": 11.440363660158429,
        "p95": 23.649632883909874
      },
      "theta_error_geo_deg": {
        "count": 251,
        "median": 4.0146322228975215,
        "p90": 9.687250988999967,
        "p95": 22.149812100508132
      },
      "fail_rate_ref_gt5deg": 0.41434262948207173
    },
    "teacher": {
      "theta_error_ref_deg": {
        "count": 251,
        "median": 0.3249196593447934,
        "p90": 1.0364759498504466,
        "p95": 1.2265425838222352
      },
      "theta_error_geo_deg": {
        "count": 251,
        "median": 1.7957722266568563,
        "p90": 2.4876450429033845,
        "p95": 2.80719687194404
      },
      "fail_rate_ref_gt5deg": 0.0
    }
  }
}