{
  "generated": "2026-02-14T18:56:49.951607",
  "speaker_id": "18-0.1V",
  "truth_reference": {
    "tau_ref_ms": 1.585930191304251,
    "theta_ref_deg": 22.864486344008302,
    "label": "chirp 29 mic truth-ref (5s)"
  },
  "geometry_truth": {
    "tau_true_ms": 1.450441867492482,
    "theta_true_deg": 20.815402749359603
  },
  "counts": {
    "n_candidate_windows": 501,
    "n_speech_windows": 251,
    "n_silence_windows": 6
  },
  "rms_thresholds": {
    "speech_rms_micl_p50": 0.0016546248325103221
  },
  "coupling": {
    "coupling_mode": "mic_only",
    "coupling_hard_forbid_enable": false,
    "forbidden_band_count_static_effective": 0,
    "dynamic_coh_gate_enable": true,
    "dynamic_coh_min": 0.05,
    "tau_ref_gate_enable": false,
    "tau_ref_gate_ratio_min": 0.6,
    "forbidden_dyn_count_speech_windows": {
      "min": 0,
      "median": 0.0,
      "p90": 0.0,
      "max": 0
    },
    "forbidden_tau_ref_count_speech_windows": {
      "min": 0,
      "median": 0.0,
      "p90": 0.0,
      "max": 0
    }
  },
  "method": {
    "baseline": {
      "theta_error_ref_deg": {
        "count": 251,
        "median": 0.3243227864593905,
        "p90": 0.37163952377527565,
        "p95": 0.39085735854227543
      },
      "theta_error_geo_deg": {
        "count": 251,
        "median": 2.37340638110809,
        "p90": 2.4207231184239753,
        "p95": 2.439940953190975
      },
      "fail_rate_ref_gt5deg": 0.0
    },
    "teacher": {
      "theta_error_ref_deg": {
        "count": 251,
        "median": 0.024132656411836706,
        "p90": 0.05918412443009302,
        "p95": 0.07054248228526738
      },
      "theta_error_geo_deg": {
        "count": 251,
        "median": 2.0352573900020943,
        "p90": 2.0821451992260442,
        "p95": 2.0937759475594344
      },
      "fail_rate_ref_gt5deg": 0.0
    }
  }
}