{
  "generated": "2026-02-14T18:37:45.729912",
  "speaker_id": "20-0.1V",
  "truth_reference": {
    "tau_ref_ms": 0.22239289589976383,
    "theta_ref_deg": 3.123379435862821,
    "label": "chirp 25 mic truth-ref (5s)"
  },
  "geometry_truth": {
    "tau_true_ms": 0.0,
    "theta_true_deg": 0.0
  },
  "counts": {
    "n_candidate_windows": 501,
    "n_speech_windows": 251,
    "n_silence_windows": 6
  },
  "rms_thresholds": {
    "speech_rms_micl_p50": 0.0017595765068800931
  },
  "coupling": {
    "coupling_mode": "mic_only",
    "coupling_hard_forbid_enable": false,
    "forbidden_band_count_static_effective": 0,
    "dynamic_coh_gate_enable": true,
    "dynamic_coh_min": 0.05,
    "tau_ref_gate_enable": false,
    "tau_ref_gate_ratio_min": 0.6,
    "forbidden_dyn_count_speech_windows": {
      "min": 5,
      "median": 50.0,
      "p90": 52.0,
      "max": 54
    },
    "forbidden_tau_ref_count_speech_windows": {
      "min": 0,
      "median": 0.0,
      "p90": 0.0,
      "max": 0
    }
  },
  "method": {
    "baseline": {
      "theta_error_ref_deg": {
        "count": 251,
        "median": 4.020181898770014,
        "p90": 4.146999115446859,
        "p95": 4.146999115446859
      },
      "theta_error_geo_deg": {
        "count": 251,
        "median": 1.0236196795840387,
        "p90": 4.8714562634367296,
        "p95": 6.335042678490521
      },
      "fail_rate_ref_gt5deg": 0.0
    },
    "teacher": {
      "theta_error_ref_deg": {
        "count": 251,
        "median": 0.2694741512612455,
        "p90": 0.851031554642649,
        "p95": 0.983322962970469
      },
      "theta_error_geo_deg": {
        "count": 251,
        "median": 3.0789800249041748,
        "p90": 3.7211334974955514,
        "p95": 3.9174532129415436
      },
      "fail_rate_ref_gt5deg": 0.0
    }
  }
}