{
  "generated": "2026-02-13T23:45:46.960631",
  "speaker_id": "19-0.1V",
  "truth_reference": {
    "tau_ref_ms": 0.9146816249912124,
    "theta_ref_deg": 12.949784096599064,
    "label": "chirp 28 mic truth-ref (5s)"
  },
  "geometry_truth": {
    "tau_true_ms": 0.7585061238687961,
    "theta_true_deg": 10.709760310799183
  },
  "counts": {
    "n_candidate_windows": 501,
    "n_speech_windows": 251,
    "n_silence_windows": 6
  },
  "rms_thresholds": {
    "speech_rms_micl_p50": 0.0017609058663052284
  },
  "coupling": {
    "forbidden_band_count": 42
  },
  "method": {
    "baseline": {
      "theta_error_ref_deg": {
        "count": 251,
        "median": 1.2282615534554129,
        "p90": 1.9182765304475708,
        "p95": 2.169150143802253
      },
      "theta_error_geo_deg": {
        "count": 251,
        "median": 1.0132628640994845,
        "p90": 1.598127749043595,
        "p95": 1.8223192197474294
      },
      "fail_rate_ref_gt5deg": 0.0
    },
    "teacher": {
      "theta_error_ref_deg": {
        "count": 251,
        "median": 0.24522044419827793,
        "p90": 0.7128356566667904,
        "p95": 0.9245888533075783
      },
      "theta_error_geo_deg": {
        "count": 251,
        "median": 2.3093466223123222,
        "p90": 2.8880743770305184,
        "p95": 3.1333176706575756
      },
      "fail_rate_ref_gt5deg": 0.0
    }
  }
}