{
  "cm_snr_db": 0.0,
  "teacher_dir": "/home/sbplab/jiawei/data-worktrees/exp-tdoa-cross-correlation/results/claim2_coherence_trap_sweep_20260214_183626/cm_snr_+0db/teacher_mic_only_control",
  "n_test_windows": 318,
  "theta_error_ref_deg": {
    "p95": 4.625099483103288,
    "fail_rate_gt4deg": 0.48427672955974843,
    "median": 3.1805884972239613
  },
  "psr_db": {
    "median": -8.058076127378069,
    "frac_gt3db": 0.3522012578616352,
    "p95": 15.721707495482152
  },
  "mic_coh_band_median": {
    "median": 0.2727027796954149,
    "p10": 0.24943454568949575,
    "p90": 0.5849879527456564
  },
  "near_fail_pass": false,
  "coherence_trap_pass": true
}