{
  "generated": "2026-02-13T23:38:40.631111",
  "speaker_id": "22-0.1V",
  "truth_reference": {
    "tau_ref_ms": -1.3070460964186907,
    "theta_ref_deg": -18.67661071203609,
    "label": "chirp 23 mic truth-ref (5s)"
  },
  "geometry_truth": {
    "tau_true_ms": -1.450441867492482,
    "theta_true_deg": -20.815402749359603
  },
  "counts": {
    "n_candidate_windows": 501,
    "n_speech_windows": 251,
    "n_silence_windows": 6
  },
  "rms_thresholds": {
    "speech_rms_micl_p50": 0.0018118447910354532
  },
  "coupling": {
    "forbidden_band_count": 43
  },
  "method": {
    "baseline": {
      "theta_error_ref_deg": {
        "count": 251,
        "median": 5.799415344932601,
        "p90": 6.023839075480222,
        "p95": 6.096574009456996
      },
      "theta_error_geo_deg": {
        "count": 251,
        "median": 3.6606233076090895,
        "p90": 3.88504703815671,
        "p95": 3.9577819721334837
      },
      "fail_rate_ref_gt5deg": 0.9880478087649402
    },
    "teacher": {
      "theta_error_ref_deg": {
        "count": 251,
        "median": 0.1944601687298224,
        "p90": 0.6244640020299776,
        "p95": 0.7680436128905423
      },
      "theta_error_geo_deg": {
        "count": 251,
        "median": 2.0967288702826217,
        "p90": 2.601200831322924,
        "p95": 2.7694364972353736
      },
      "fail_rate_ref_gt5deg": 0.0
    }
  }
}