{
  "speaker_id": "20-0.1V",
  "signal_pair": "ldv_micl",
  "pair_description": "LDV aligned to MicL (OMP) paired with MicR",
  "ground_truth": {
    "tau_true_ms": 0.0,
    "theta_true_deg": 0.0,
    "d_left": 2.118962010041709,
    "d_right": 2.118962010041709,
    "speaker_pos": [
      0.0,
      0.0
    ]
  },
  "truth_reference": {
    "mode": "override",
    "label": "chirp 25 mic truth-ref (5s)",
    "tau_ref_ms": 0.22239289589976383,
    "theta_ref_deg": 3.123379435862821
  },
  "n_segments": 5,
  "segment_mode": "scan",
  "scan_summary": {
    "n_scanned": 501,
    "n_candidates": 501,
    "n_filtered": 501,
    "n_selected": 5,
    "scan_sort_by": "tau_err",
    "scan_psr_min_db": -20.0,
    "scan_tau_err_max_ms": 2.0,
    "scan_ldv_micl_psr_min_db": null
  },
  "segment_centers_sec": [
    553.0,
    225.0,
    171.0,
    374.0,
    384.0
  ],
  "ldv_prealign": "gcc_phat",
  "config": {
    "fs": 48000,
    "n_fft": 6144,
    "hop_length": 160,
    "max_lag": 50,
    "max_k": 3,
    "tw": 64,
    "freq_min": 100,
    "freq_max": 8000,
    "gcc_max_lag_ms": 10.0,
    "gcc_bandpass_low": 0.0,
    "gcc_bandpass_high": 0.0,
    "psr_exclude_samples": 50,
    "gcc_guided_peak_radius_ms": 0.3,
    "analysis_slice_sec": 5.0,
    "eval_window_sec": 5.0,
    "segment_spacing_sec": 50.0,
    "segment_offset_sec": 100.0,
    "ldv_prealign": "gcc_phat",
    "speed_of_sound": 343.0,
    "mic_spacing": 1.4
  },
  "result": {
    "tau_median_ms": 0.013685712652822203,
    "theta_median_deg": 0.19211308576214325,
    "theta_error_median_deg": 2.9312663501006777,
    "psr_median_db": -4.254618285223718,
    "per_segment": [
      {
        "tau_ms": 0.013685712652822203,
        "psr_db": -1.8750693664598743,
        "theta_deg": 0.19211308576214325,
        "theta_error_deg": 2.9312663501006777,
        "center_sec": 553.0,
        "prealign": {
          "mode": "gcc_phat",
          "tau_ldv_to_micl_ms": 3.02924879803329,
          "psr_ldv_to_micl_db": 3.7813118727638746,
          "applied_delay_ms": -3.02924879803329
        }
      },
      {
        "tau_ms": 0.002674632274613174,
        "psr_db": -3.528077107153138,
        "theta_deg": 0.037545062252743226,
        "theta_error_deg": 3.0858343736100777,
        "center_sec": 225.0,
        "prealign": {
          "mode": "gcc_phat",
          "tau_ldv_to_micl_ms": 3.0267109660298614,
          "psr_ldv_to_micl_db": 5.0840417473298585,
          "applied_delay_ms": -3.0267109660298614
        }
      },
      {
        "tau_ms": 0.1536083128270197,
        "psr_db": -6.563320487466118,
        "theta_deg": 2.156780785665483,
        "theta_error_deg": 0.966598650197338,
        "center_sec": 171.0,
        "prealign": {
          "mode": "gcc_phat",
          "tau_ldv_to_micl_ms": 2.8887338074758535,
          "psr_ldv_to_micl_db": 3.058154429194908,
          "applied_delay_ms": -2.8887338074758535
        }
      },
      {
        "tau_ms": 0.18443291474840223,
        "psr_db": -4.90150831926853,
        "theta_deg": 2.5898525952590474,
        "theta_error_deg": 0.5335268406037734,
        "center_sec": 374.0,
        "prealign": {
          "mode": "gcc_phat",
          "tau_ldv_to_micl_ms": 2.87532588986603,
          "psr_ldv_to_micl_db": 3.9780932436607475,
          "applied_delay_ms": -2.87532588986603
        }
      },
      {
        "tau_ms": 0.01243306544953307,
        "psr_db": -4.254618285223718,
        "theta_deg": 0.17452900318570463,
        "theta_error_deg": 2.948850432677116,
        "center_sec": 384.0,
        "prealign": {
          "mode": "gcc_phat",
          "tau_ldv_to_micl_ms": 3.035065173625963,
          "psr_ldv_to_micl_db": 3.5495342627523923,
          "applied_delay_ms": -3.035065173625963
        }
      }
    ]
  },
  "result_raw": {
    "tau_median_ms": 0.00011046470367366055,
    "theta_median_deg": 0.0015506445200769827,
    "theta_error_median_deg": 3.121828791342744,
    "psr_median_db": -5.38791183842397,
    "per_segment": [
      {
        "tau_ms": 0.00011046470367366055,
        "psr_db": -2.24038188386267,
        "theta_deg": 0.0015506445200769827,
        "theta_error_deg": 3.121828791342744,
        "center_sec": 553.0
      },
      {
        "tau_ms": -0.0595022321083491,
        "psr_db": -3.667778546955227,
        "theta_deg": -0.8352901466791376,
        "theta_error_deg": 3.958669582541958,
        "center_sec": 225.0
      },
      {
        "tau_ms": 0.05917249168183679,
        "psr_db": -8.081200022699798,
        "theta_deg": 0.8306609374560511,
        "theta_error_deg": 2.29271849840677,
        "center_sec": 171.0
      },
      {
        "tau_ms": 0.02812538838693544,
        "psr_db": -7.075500851621424,
        "theta_deg": 0.3948123071323513,
        "theta_error_deg": 2.7285671287304694,
        "center_sec": 374.0
      },
      {
        "tau_ms": -0.06823235672511536,
        "psr_db": -5.38791183842397,
        "theta_deg": -0.9578540027990823,
        "theta_error_deg": 4.081233438661903,
        "center_sec": 384.0
      }
    ]
  },
  "pass_thresholds": {
    "theta_error_max_deg": 5.0,
    "psr_min_db": null
  },
  "passed": true,
  "pass_conditions": {
    "pass_mode": "omp_vs_raw",
    "omp_better_than_raw": true,
    "omp_error_small": true,
    "omp_psr_improved": true,
    "psr_min_db": null,
    "psr_min_ok": true,
    "passed": true
  },
  "pass_mode": "omp_vs_raw",
  "timestamp": "2026-02-11T10:40:44.942698"
}