{
  "generated": "2026-02-14T16:44:01.316626",
  "run_dir": "/home/sbplab/jiawei/data-worktrees/exp-tdoa-cross-correlation/results/claim2_micobs_ablation_tau_ref_gate_20260214_163851/teacher/mic_only_coh_only",
  "pooled": {
    "baseline": {
      "theta_error_ref_deg": {
        "count": 1255,
        "median": 4.2465383520942375,
        "p90": 4.569688610081119,
        "p95": 4.625099483103288
      },
      "theta_error_geo_deg": {
        "count": 1255,
        "median": 2.5206050154324195,
        "p90": 6.482698513632467,
        "p95": 6.696125992634347
      },
      "fail_rate_ref_gt5deg": 0.0
    },
    "teacher": {
      "theta_error_ref_deg": {
        "count": 1255,
        "median": 0.383901978916831,
        "p90": 1.4618405728181538,
        "p95": 1.956365334522731
      },
      "theta_error_geo_deg": {
        "count": 1255,
        "median": 2.4388498750679695,
        "p90": 3.4180986399404842,
        "p95": 3.6799830438747247
      },
      "fail_rate_ref_gt5deg": 0.0
    }
  },
  "teacher_sanity_gate": {
    "median_not_worse_frac_le_0p05": true,
    "computed": {
      "median_worsening_frac": -0.9095964884602034
    }
  }
}