{
  "generated": "2026-02-14T03:50:10.763921",
  "speaker_id": "18-0.1V",
  "truth_reference": {
    "tau_ref_ms": 1.585930191304251,
    "theta_ref_deg": 22.864486344008302,
    "label": "chirp 29 mic truth-ref (5s)"
  },
  "geometry_truth": {
    "tau_true_ms": 1.450441867492482,
    "theta_true_deg": 20.815402749359603
  },
  "counts": {
    "n_candidate_windows": 501,
    "n_speech_windows": 251,
    "n_silence_windows": 6
  },
  "rms_thresholds": {
    "speech_rms_micl_p50": 0.0016546248325103221
  },
  "coupling": {
    "forbidden_band_count": 39
  },
  "method": {
    "baseline": {
      "theta_error_ref_deg": {
        "count": 251,
        "median": 1.6959415952924033,
        "p90": 5.136220772214617,
        "p95": 5.482643238173427
      },
      "theta_error_geo_deg": {
        "count": 251,
        "median": 1.6459455225598454,
        "p90": 7.1255361650629645,
        "p95": 7.455036476182185
      },
      "fail_rate_ref_gt5deg": 0.13545816733067728
    },
    "teacher": {
      "theta_error_ref_deg": {
        "count": 251,
        "median": 0.3480833361183997,
        "p90": 0.9563977067302858,
        "p95": 1.166283396296631
      },
      "theta_error_geo_deg": {
        "count": 251,
        "median": 2.0026474366878873,
        "p90": 2.7117986631519315,
        "p95": 2.974107866031753
      },
      "fail_rate_ref_gt5deg": 0.0
    }
  }
}