{
  "generated": "2026-02-13T23:37:25.000023",
  "speaker_id": "18-0.1V",
  "truth_reference": {
    "tau_ref_ms": 1.585930191304251,
    "theta_ref_deg": 22.864486344008302,
    "label": "chirp 29 mic truth-ref (5s)"
  },
  "geometry_truth": {
    "tau_true_ms": 1.450441867492482,
    "theta_true_deg": 20.815402749359603
  },
  "counts": {
    "n_candidate_windows": 501,
    "n_speech_windows": 251,
    "n_silence_windows": 6
  },
  "rms_thresholds": {
    "speech_rms_micl_p50": 0.0016546248325103221
  },
  "coupling": {
    "forbidden_band_count": 39
  },
  "method": {
    "baseline": {
      "theta_error_ref_deg": {
        "count": 251,
        "median": 0.7921965337980197,
        "p90": 5.21537727999635,
        "p95": 5.339638478774052
      },
      "theta_error_geo_deg": {
        "count": 251,
        "median": 2.0125022443508165,
        "p90": 7.264460874645049,
        "p95": 7.388722073422752
      },
      "fail_rate_ref_gt5deg": 0.24302788844621515
    },
    "teacher": {
      "theta_error_ref_deg": {
        "count": 251,
        "median": 0.28101515155723433,
        "p90": 0.6367999690427055,
        "p95": 0.7094526589090862
      },
      "theta_error_geo_deg": {
        "count": 251,
        "median": 1.9430597162847505,
        "p90": 2.330098746205934,
        "p95": 2.480550766824793
      },
      "fail_rate_ref_gt5deg": 0.0
    }
  }
}