{
  "generated": "2026-02-13T18:52:49.039043",
  "speaker_id": "20-0.1V",
  "truth_reference": {
    "tau_ref_ms": 0.22239289589976383,
    "theta_ref_deg": 3.123379435862821,
    "label": "chirp 25 mic truth-ref (5s)"
  },
  "geometry_truth": {
    "tau_true_ms": 0.0,
    "theta_true_deg": 0.0
  },
  "counts": {
    "n_candidate_windows": 501,
    "n_speech_windows": 251,
    "n_silence_windows": 5
  },
  "rms_thresholds": {
    "speech_rms_micl_p50": 0.0017595765068800931
  },
  "tau_offset_silence_ms": {
    "micl_micr": -1.6500000000000001,
    "ldv_micl": 7.25,
    "ldv_micr": 1.9500000000000002
  },
  "silence_top1_tau_ms": {
    "micl_micr": [
      -1.6875,
      -1.6875,
      -1.6875,
      -1.6875,
      -1.6875
    ],
    "ldv_micl": [
      7.229166666666667,
      3.8541666666666665,
      7.229166666666667,
      7.229166666666667,
      7.229166666666667
    ],
    "ldv_micr": [
      1.9583333333333333,
      1.9583333333333333,
      1.9583333333333333,
      1.9583333333333333,
      1.9583333333333333
    ]
  }
}