{
  "generated": "2026-02-14T03:14:13.969591",
  "run_dir": "/home/sbplab/jiawei/data-worktrees/exp-tdoa-cross-correlation/results/claim2_irreducible_occlusion_20260214_005000/snr_m5_occ_lp800_micr/student_mic_only",
  "acceptance": {
    "p95_improvement_frac_ge_0p15": true,
    "fail_rate_improvement_frac_ge_0p20": true,
    "median_not_worse_frac_le_0p05": true,
    "overall_pass": true,
    "computed": {
      "p95_improvement_frac": 0.3385915772431602,
      "fail_rate_improvement_frac": 0.8141592920331071,
      "median_worsening_frac": -0.3917727903987317
    }
  },
  "corruption": {
    "use_traj_corruption": true,
    "config": {
      "snr_db": -5.0,
      "band_lo_hz": 500.0,
      "band_hi_hz": 2000.0,
      "preclip_gain": 100.0,
      "clip_limit": 0.99,
      "seed": 1337
    },
    "snr_achieved_db_preclip_test": {
      "micl_median": -4.99999999998362,
      "micr_median": -10.001490332776214
    },
    "clip_frac_test": {
      "micl_mean": 0.0017687631027253669,
      "micr_mean": 0.006709040880503144
    }
  },
  "pooled": {
    "baseline": {
      "theta_error_ref_deg": {
        "count": 318,
        "median": 4.46485113895438,
        "p90": 6.964021198042886,
        "p95": 8.23607215404411
      },
      "theta_error_geo_deg": {
        "count": 318,
        "median": 3.79920565976725,
        "p90": 7.7550148314730425,
        "p95": 8.982987922124948
      },
      "fail_rate_ref_gt5deg": 0.3553459119496855
    },
    "student": {
      "theta_error_ref_deg": {
        "count": 318,
        "median": 2.7156439495308753,
        "p90": 4.623148894736678,
        "p95": 5.447407493117505
      },
      "theta_error_geo_deg": {
        "count": 318,
        "median": 2.6119379215625855,
        "p90": 6.303699786224203,
        "p95": 6.8575367276902135
      },
      "fail_rate_ref_gt5deg": 0.0660377358490566
    }
  }
}