{
  "generated": "2026-02-14T18:36:07.965452",
  "run_dir": "/home/sbplab/jiawei/data-worktrees/exp-tdoa-cross-correlation/results/claim2_coherence_trap_sweep_smoke_20260214_183545/cm_snr_-15db/teacher_mic_only_control",
  "pooled": {
    "baseline": {
      "theta_error_ref_deg": {
        "count": 6,
        "median": 3.1252161325418593,
        "p90": 3.1288339757942714,
        "p95": 3.129831697392558
      },
      "theta_error_geo_deg": {
        "count": 6,
        "median": 0.0027156940806862422,
        "p90": 0.008361202260601695,
        "p95": 0.00881681182689014
      },
      "fail_rate_ref_gt5deg": 0.0
    },
    "teacher": {
      "theta_error_ref_deg": {
        "count": 6,
        "median": 0.9762821289157446,
        "p90": 3.1252135083051,
        "p95": 3.1263275348353767
      },
      "theta_error_geo_deg": {
        "count": 6,
        "median": 3.6678382196130777,
        "p90": 4.0996615647785655,
        "p95": 4.108351561298334
      },
      "fail_rate_ref_gt5deg": 0.0
    }
  },
  "teacher_sanity_gate": {
    "median_not_worse_frac_le_0p05": true,
    "computed": {
      "median_worsening_frac": -0.6876113243014702
    }
  }
}