{
  "generated": "2026-02-14T00:01:35.193701",
  "speaker_id": "18-0.1V",
  "truth_reference": {
    "tau_ref_ms": 1.585930191304251,
    "theta_ref_deg": 22.864486344008302,
    "label": "chirp 29 mic truth-ref (5s)"
  },
  "geometry_truth": {
    "tau_true_ms": 1.450441867492482,
    "theta_true_deg": 20.815402749359603
  },
  "counts": {
    "n_candidate_windows": 501,
    "n_speech_windows": 251,
    "n_silence_windows": 6
  },
  "rms_thresholds": {
    "speech_rms_micl_p50": 0.0016546248325103221
  },
  "coupling": {
    "forbidden_band_count": 39
  },
  "method": {
    "baseline": {
      "theta_error_ref_deg": {
        "count": 251,
        "median": 2.087333639343015,
        "p90": 5.3495132734679025,
        "p95": 5.873435888878442
      },
      "theta_error_geo_deg": {
        "count": 251,
        "median": 2.2893234753223375,
        "p90": 6.800850585806852,
        "p95": 7.096658266218501
      },
      "fail_rate_ref_gt5deg": 0.14342629482071714
    },
    "teacher": {
      "theta_error_ref_deg": {
        "count": 251,
        "median": 0.33735147349284844,
        "p90": 0.9933809590829483,
        "p95": 1.2841784567249768
      },
      "theta_error_geo_deg": {
        "count": 251,
        "median": 1.9326269756134309,
        "p90": 2.7761481344234724,
        "p95": 3.064456939488476
      },
      "fail_rate_ref_gt5deg": 0.0
    }
  }
}