{
  "speaker_id": "19-0.1V",
  "signal_pair": "ldv_micl",
  "pair_description": "LDV aligned to MicL (OMP) paired with MicR",
  "ground_truth": {
    "tau_true_ms": 0.7585061238687961,
    "theta_true_deg": 10.709760310799183,
    "d_left": 2.2825424421026654,
    "d_right": 2.0223748416156684,
    "speaker_pos": [
      0.4,
      0.0
    ]
  },
  "truth_reference": {
    "mode": "override",
    "label": "chirp 28 mic truth-ref (5s)",
    "tau_ref_ms": 0.9146816249912124,
    "theta_ref_deg": 12.949784096599064
  },
  "n_segments": 5,
  "segment_mode": "scan",
  "scan_summary": {
    "n_scanned": 501,
    "n_candidates": 501,
    "n_filtered": 32,
    "n_selected": 5,
    "scan_sort_by": "tau_err",
    "scan_psr_min_db": -20.0,
    "scan_tau_err_max_ms": 2.0,
    "scan_ldv_micl_psr_min_db": null
  },
  "segment_centers_sec": [
    353.0,
    348.0,
    122.0,
    392.0,
    538.0
  ],
  "ldv_prealign": "gcc_phat",
  "config": {
    "fs": 48000,
    "n_fft": 6144,
    "hop_length": 160,
    "max_lag": 50,
    "max_k": 3,
    "tw": 64,
    "freq_min": 100,
    "freq_max": 8000,
    "gcc_max_lag_ms": 10.0,
    "gcc_bandpass_low": 0.0,
    "gcc_bandpass_high": 0.0,
    "psr_exclude_samples": 50,
    "gcc_guided_peak_radius_ms": 0.3,
    "analysis_slice_sec": 5.0,
    "eval_window_sec": 5.0,
    "segment_spacing_sec": 50.0,
    "segment_offset_sec": 100.0,
    "ldv_prealign": "gcc_phat",
    "speed_of_sound": 343.0,
    "mic_spacing": 1.4
  },
  "result": {
    "tau_median_ms": 0.7047226843838371,
    "theta_median_deg": 9.942342082242108,
    "theta_error_median_deg": 3.0375501725776903,
    "psr_median_db": -4.704823764430602,
    "per_segment": [
      {
        "tau_ms": 0.6681794411425781,
        "psr_db": -4.640814685376404,
        "theta_deg": 9.42195332584449,
        "theta_error_deg": 3.5278307707545746,
        "center_sec": 353.0,
        "prealign": {
          "mode": "gcc_phat",
          "tau_ldv_to_micl_ms": 3.02784743501751,
          "psr_ldv_to_micl_db": 2.1155873395214333,
          "applied_delay_ms": -3.02784743501751
        }
      },
      {
        "tau_ms": 1.1241830768091654,
        "psr_db": -16.511498862761293,
        "theta_deg": 15.987334269176754,
        "theta_error_deg": 3.0375501725776903,
        "center_sec": 348.0,
        "prealign": {
          "mode": "gcc_phat",
          "tau_ldv_to_micl_ms": 3.0224507256741857,
          "psr_ldv_to_micl_db": 5.052393668285169,
          "applied_delay_ms": -3.0224507256741857
        }
      },
      {
        "tau_ms": 0.7047226843838371,
        "psr_db": -5.989728679545381,
        "theta_deg": 9.942342082242108,
        "theta_error_deg": 3.007442014356956,
        "center_sec": 122.0,
        "prealign": {
          "mode": "gcc_phat",
          "tau_ldv_to_micl_ms": 3.0220715156497002,
          "psr_ldv_to_micl_db": 4.579162341983694,
          "applied_delay_ms": -3.0220715156497002
        }
      },
      {
        "tau_ms": 0.7051157810081019,
        "psr_db": -3.6714628092424255,
        "theta_deg": 9.947944344808896,
        "theta_error_deg": 3.0018397517901683,
        "center_sec": 392.0,
        "prealign": {
          "mode": "gcc_phat",
          "tau_ldv_to_micl_ms": 3.0265254032967115,
          "psr_ldv_to_micl_db": 4.536463647657899,
          "applied_delay_ms": -3.0265254032967115
        }
      },
      {
        "tau_ms": 0.6794806158457611,
        "psr_db": -4.704823764430602,
        "theta_deg": 9.582800253632037,
        "theta_error_deg": 3.366983842967027,
        "center_sec": 538.0,
        "prealign": {
          "mode": "gcc_phat",
          "tau_ldv_to_micl_ms": 3.0339516948522185,
          "psr_ldv_to_micl_db": 4.402020949642962,
          "applied_delay_ms": -3.0339516948522185
        }
      }
    ]
  },
  "result_raw": {
    "tau_median_ms": 1.148695337996888,
    "theta_median_deg": 16.34559149064276,
    "theta_error_median_deg": 3.395807394043697,
    "psr_median_db": -4.403311128762118,
    "per_segment": [
      {
        "tau_ms": 1.1585438742198668,
        "psr_db": -12.139156108242714,
        "theta_deg": 16.48971643515367,
        "theta_error_deg": 3.539932338554607,
        "center_sec": 353.0
      },
      {
        "tau_ms": 1.12868520786905,
        "psr_db": -12.976312826987792,
        "theta_deg": 16.053086303350995,
        "theta_error_deg": 3.1033022067519305,
        "center_sec": 348.0
      },
      {
        "tau_ms": 0.7662059835805444,
        "psr_db": -4.403311128762118,
        "theta_deg": 10.819782994931838,
        "theta_error_deg": 2.130001101667226,
        "center_sec": 122.0
      },
      {
        "tau_ms": 1.1522813748718468,
        "psr_db": -2.158798604788428,
        "theta_deg": 16.398057727226824,
        "theta_error_deg": 3.44827363062776,
        "center_sec": 392.0
      },
      {
        "tau_ms": 1.148695337996888,
        "psr_db": -2.2088072429538474,
        "theta_deg": 16.34559149064276,
        "theta_error_deg": 3.395807394043697,
        "center_sec": 538.0
      }
    ]
  },
  "pass_thresholds": {
    "theta_error_max_deg": 5.0,
    "psr_min_db": null
  },
  "passed": true,
  "pass_conditions": {
    "pass_mode": "omp_vs_raw",
    "omp_better_than_raw": true,
    "omp_error_small": true,
    "omp_psr_improved": false,
    "psr_min_db": null,
    "psr_min_ok": true,
    "passed": true
  },
  "pass_mode": "omp_vs_raw",
  "timestamp": "2026-02-11T10:39:33.864716"
}