{
  "cc": {
    "num_defined": 254,
    "tau_ms_mean": -3.1746666354209996,
    "tau_ms_std": 4.780705028080016,
    "tau_ms_median": -1.3882529582429093,
    "tau_ms_p10": -9.402460220920972,
    "tau_ms_p90": 0.11650007880946743,
    "psr_mean": 4.247004964966643,
    "psr_median": 3.7111921385434896,
    "psr_p50": 3.7111921385434896,
    "psr_p90": 6.984610380983743
  },
  "ncc": {
    "num_defined": 254,
    "tau_ms_mean": -3.174666635420999,
    "tau_ms_std": 4.780705028080016,
    "tau_ms_median": -1.3882529582429093,
    "tau_ms_p10": -9.402460220920974,
    "tau_ms_p90": 0.11650007880946744,
    "psr_mean": 4.247004964966643,
    "psr_median": 3.7111921385434896,
    "psr_p50": 3.7111921385434896,
    "psr_p90": 6.984610380983744
  },
  "gcc_phat": {
    "num_defined": 254,
    "tau_ms_mean": -0.048239030967929405,
    "tau_ms_std": 0.49910330100624506,
    "tau_ms_median": 4.2877361669437105e-06,
    "tau_ms_p10": -0.06086029945512397,
    "tau_ms_p90": 0.03309098214022722,
    "psr_mean": 53.16649712966021,
    "psr_median": 56.04206115384511,
    "psr_p50": 56.04206115384511,
    "psr_p90": 79.72804275128894
  },
  "cc_vs_gcc_phat": {
    "num_compared": 254,
    "abs_diff_mean_ms": 3.901889836801336,
    "abs_diff_median_ms": 2.0078233598252977,
    "abs_diff_p90_ms": 9.435301561891709,
    "correlation": 0.13157803137935417
  },
  "config": {
    "fs": 16000,
    "hop_length": 160,
    "n_fft": 2048,
    "freq_min": 300.0,
    "freq_max": 3000.0,
    "search_radius_frames": 2,
    "seed": 42
  },
  "num_pairs": 1,
  "total_windows": 254
}