{
  "cm_snr_db": 5.0,
  "teacher_dir": "/home/sbplab/jiawei/data-worktrees/exp-tdoa-cross-correlation/results/claim2_coherence_trap_sweep_smoke_20260214_183545/cm_snr_+5db/teacher_mic_only_control",
  "n_test_windows": 6,
  "theta_error_ref_deg": {
    "p95": 3.1831290897605182,
    "fail_rate_gt4deg": 0.0,
    "median": 3.1231141530000848
  },
  "psr_db": {
    "median": 10.380378607029389,
    "frac_gt3db": 0.8333333333333334,
    "p95": 15.507004702679993
  },
  "mic_coh_band_median": {
    "median": 0.24976044114847334,
    "p10": 0.121981734654143,
    "p90": 0.41336761709842545
  },
  "near_fail_pass": false,
  "coherence_trap_pass": true
}