{
  "generated": "2026-02-13T18:36:58.982661",
  "speaker_id": "21-0.1V",
  "band_hz": [
    500.0,
    2000.0
  ],
  "n_bands": 64,
  "band_edges_hz": [
    500.0,
    523.4375,
    546.875,
    570.3125,
    593.75,
    617.1875,
    640.625,
    664.0625,
    687.5,
    710.9375,
    734.375,
    757.8125,
    781.25,
    804.6875,
    828.125,
    851.5625,
    875.0,
    898.4375,
    921.875,
    945.3125,
    968.75,
    992.1875,
    1015.625,
    1039.0625,
    1062.5,
    1085.9375,
    1109.375,
    1132.8125,
    1156.25,
    1179.6875,
    1203.125,
    1226.5625,
    1250.0,
    1273.4375,
    1296.875,
    1320.3125,
    1343.75,
    1367.1875,
    1390.625,
    1414.0625,
    1437.5,
    1460.9375,
    1484.375,
    1507.8125,
    1531.25,
    1554.6875,
    1578.125,
    1601.5625,
    1625.0,
    1648.4375,
    1671.875,
    1695.3125,
    1718.75,
    1742.1875,
    1765.625,
    1789.0625,
    1812.5,
    1835.9375,
    1859.375,
    1882.8125,
    1906.25,
    1929.6875,
    1953.125,
    1976.5625,
    2000.0
  ],
  "silence_percent": 1.0,
  "forbid_gamma2": 0.2,
  "obs_mode": "ldv_mic",
  "cpl_band_max": [
    0.647673168704523,
    0.5772278950200642,
    0.6566165918711121,
    0.5692833716196932,
    0.7558080373056537,
    0.7410400243406609,
    0.6284848277552162,
    0.6157664452307344,
    0.6782777610621782,
    0.8601757194479936,
    0.6516918987114664,
    0.524389632537869,
    0.4363254031155784,
    0.7398682731740128,
    0.7421366202520273,
    0.6585276958545355,
    0.8944575515402362,
    0.7528312057188735,
    0.7437641099982051,
    0.8536107000382446,
    0.6663773678965708,
    0.5397390390958323,
    0.6163067499989353,
    0.8758637483046983,
    0.7703361465567437,
    0.4699183165380068,
    0.5171857510212786,
    0.7067876761460234,
    0.7808552072721888,
    0.804512230461705,
    0.7392820001401588,
    0.7089763311501287,
    0.56999605144909,
    0.4312159036725707,
    0.5341733106044497,
    0.5615202724539922,
    0.7934514783075306,
    0.8233963486384356,
    0.7027017709911677,
    0.6941416933931362,
    0.7217335213773677,
    0.8447993078868019,
    0.850235849523288,
    0.7356883441459046,
    0.6661522602038665,
    0.6584392196095922,
    0.7249850959875435,
    0.7654289201051354,
    0.6522398842007555,
    0.56590976012172,
    0.6909679496333039,
    0.7081126871652358,
    0.7782895684030755,
    0.7536522861670203,
    0.6698232161411908,
    0.5382116708222443,
    0.8039633482436236,
    0.8646199127367393,
    0.7096438986813776,
    0.8758186282887599,
    0.8225351170088488,
    0.8336008386862821,
    0.6659038709325542,
    0.5214896429623492
  ],
  "cpl_band_mic_only": null,
  "cpl_band_for_obs": [
    0.647673168704523,
    0.5772278950200642,
    0.6566165918711121,
    0.5692833716196932,
    0.7558080373056537,
    0.7410400243406609,
    0.6284848277552162,
    0.6157664452307344,
    0.6782777610621782,
    0.8601757194479936,
    0.6516918987114664,
    0.524389632537869,
    0.4363254031155784,
    0.7398682731740128,
    0.7421366202520273,
    0.6585276958545355,
    0.8944575515402362,
    0.7528312057188735,
    0.7437641099982051,
    0.8536107000382446,
    0.6663773678965708,
    0.5397390390958323,
    0.6163067499989353,
    0.8758637483046983,
    0.7703361465567437,
    0.4699183165380068,
    0.5171857510212786,
    0.7067876761460234,
    0.7808552072721888,
    0.804512230461705,
    0.7392820001401588,
    0.7089763311501287,
    0.56999605144909,
    0.4312159036725707,
    0.5341733106044497,
    0.5615202724539922,
    0.7934514783075306,
    0.8233963486384356,
    0.7027017709911677,
    0.6941416933931362,
    0.7217335213773677,
    0.8447993078868019,
    0.850235849523288,
    0.7356883441459046,
    0.6661522602038665,
    0.6584392196095922,
    0.7249850959875435,
    0.7654289201051354,
    0.6522398842007555,
    0.56590976012172,
    0.6909679496333039,
    0.7081126871652358,
    0.7782895684030755,
    0.7536522861670203,
    0.6698232161411908,
    0.5382116708222443,
    0.8039633482436236,
    0.8646199127367393,
    0.7096438986813776,
    0.8758186282887599,
    0.8225351170088488,
    0.8336008386862821,
    0.6659038709325542,
    0.5214896429623492
  ],
  "forbidden_bands_raw": [
    0,
    1,
    2,
    3,
    4,
    5,
    6,
    7,
    8,
    9,
    10,
    11,
    12,
    13,
    14,
    15,
    16,
    17,
    18,
    19,
    20,
    21,
    22,
    23,
    24,
    25,
    26,
    27,
    28,
    29,
    30,
    31,
    32,
    33,
    34,
    35,
    36,
    37,
    38,
    39,
    40,
    41,
    42,
    43,
    44,
    45,
    46,
    47,
    48,
    49,
    50,
    51,
    52,
    53,
    54,
    55,
    56,
    57,
    58,
    59,
    60,
    61,
    62,
    63
  ],
  "forbidden_bands_effective": [],
  "forbid_rule_degenerated": true
}