{
  "generated": "2026-02-14T18:46:41.635058",
  "speaker_id": "20-0.1V",
  "truth_reference": {
    "tau_ref_ms": 0.22239289589976383,
    "theta_ref_deg": 3.123379435862821,
    "label": "chirp 25 mic truth-ref (5s)"
  },
  "geometry_truth": {
    "tau_true_ms": 0.0,
    "theta_true_deg": 0.0
  },
  "counts": {
    "n_candidate_windows": 501,
    "n_speech_windows": 251,
    "n_silence_windows": 6
  },
  "rms_thresholds": {
    "speech_rms_micl_p50": 0.0017595765068800931
  },
  "coupling": {
    "coupling_mode": "mic_only",
    "coupling_hard_forbid_enable": false,
    "forbidden_band_count_static_effective": 0,
    "dynamic_coh_gate_enable": true,
    "dynamic_coh_min": 0.05,
    "tau_ref_gate_enable": false,
    "tau_ref_gate_ratio_min": 0.6,
    "forbidden_dyn_count_speech_windows": {
      "min": 0,
      "median": 0.0,
      "p90": 1.0,
      "max": 2
    },
    "forbidden_tau_ref_count_speech_windows": {
      "min": 0,
      "median": 0.0,
      "p90": 0.0,
      "max": 0
    }
  },
  "method": {
    "baseline": {
      "theta_error_ref_deg": {
        "count": 251,
        "median": 3.142009027768944,
        "p90": 3.1828659292107004,
        "p95": 3.1920894733526675
      },
      "theta_error_geo_deg": {
        "count": 251,
        "median": 0.029705042492832352,
        "p90": 0.06907720557819624,
        "p95": 0.08313219811579192
      },
      "fail_rate_ref_gt5deg": 0.0
    },
    "teacher": {
      "theta_error_ref_deg": {
        "count": 251,
        "median": 3.075292916947966,
        "p90": 3.2177258506056265,
        "p95": 3.250979145089909
      },
      "theta_error_geo_deg": {
        "count": 251,
        "median": 0.13423690684230905,
        "p90": 3.7959284010675574,
        "p95": 3.8863525144228195
      },
      "fail_rate_ref_gt5deg": 0.0
    }
  }
}